00317e60	4	ぅぅ塅恏
00394d9c	7	アカウント削除
00394ffc	14	買い物や誰かと取引するときに
0039501a	8	必要になるんだ。
0039502c	9	手に入れたコールは
00395040	10	僕が反映するからね。
003950bc	6	ラウフ職人区
00395334	46	あたしに守ってほしいお願いや設定（プロンプト）を、もっと詳しく変更したかったら教えてほしいな
0039540c	7	ユーザー ID
0039544c	4	チン堕ち
003955ac	6	ギャグボール
0039575c	8	マジックトリュフ
0039587c	6	おっぴろge
00395c2c	7	あなたのこと、
00395c3c	11	もう少し教えて欲しい！
00395e1c	30	あなたのお願いならできる限り聞くよ。遠慮せず何でも書いてね！
00396374	7	アジアンエステ
003968cc	4	おnaに
00396914	4	ブルネン
00397714	37	…はい。タイムアップ…。しゅーりょー…何してたの…？あたしにも…教えて…？
003977e4	26	ぴりりり。ぴりりり。時間だよ…。ぴりりり。ぴりりり。
00398164	5	どちゃシコ
0039817c	12	王都アスラ・アム・バート
0039820c	4	アゲマン
00398434	7	最もおすすめ！
0039888c	9	ゴールデンシャワー
0039896c	16	この情報はいつでも修正可能です。
0039898e	30	この情報は会話に反映されます。他ユーザーには公開されません。
003993cc	5	タイワネス
0039959c	46	お疲れ様！夜からずっと頑張ってたんでしょ？あたし、ちゃんと知ってるからね！ほんとにお疲れ様！
003997cc	23	chara.speakerNames.ザムエル
00399ae4	5	ライザリン
0039a37c	8	忘れ去られた廃村
0039ae2c	41	おはよう！いい朝だよ〜！今日も楽しくなりそうじゃん？ね、あたしと最高の一日にしよ！
0039af1c	19	ここで会話モード（RPG / 雑談）を
0039af44	9	切り替えられるよ。
0039b30c	8	おっpiroge
0039b4dc	6	聖塔を繋ぐ橋
0039c4c4	4	本番あり
0039c504	6	seんzuり
0039c51c	34	' に normal 強度が無いため胴体腰は他強度から採用しました。
0039c6a4	16	ライザがあなたの近くで囁きます。
0039d08c	11	日連続！すごいじゃない
0039d8a4	4	ゴミ野郎
0039dddc	18	mission_id は重複できない
0039e43c	13	" を含む行を無視します。
0039e974	44	…ねぇねぇ、午後もあなたが頑張れるように、あたしが応援してあげる…！ねぇ、こっち向いて…
0039eb3c	5	senずり
0039ecfc	5	しkoしこ
0039ee94	4	チン負け
0039efec	7	oっpiroげ
0039f06c	12	テキストスタイルを選択中
0039f174	7	スケベドラゴン
0039f414	5	情を通じる
0039f5c4	5	抜ける動画
0039f83c	5	shiっこ
0039fe74	30	ん？なんか鳴ってない？…ああっ！タイマーだ！調合の時間ーっ！
003a00cc	15	購入可能な商品が見つかりません
003a059c	7	チャンピックス
003a067c	10	ちnchikuriん
003a0cc4	8	アラブテロリスト
003a1254	4	エロ音声
003a166c	4	デアドラ
003a16c4	35	…おはよう。もうお昼だよ…起きたら、あたしと一緒に何かしよ…？ねっ…？
003a19cc	9	ちnchikuりn
003a1cc4	5	seんずり
003a1f5c	4	ハメハメ
003a200c	33	ストアを開けませんでした。しばらくしてからもう一度お試しください。
003a20bc	5	お口の奉仕
003a2adc	48	おはよう！こんな時間から頑張るあなた、ほんとにすごいと思う！あたしも一緒に頑張っちゃおうかなっ！
003a3154	24	SpineAvatarView 初期化エラー: 
003a3804	39	ねぇねぇ、ねぇってばー！それとあたし、どっちが大事なのー？…もー！聞いてるー？
003a38ac	19	通信を確認してもう一度お試しください。
003a3b74	16	] のペア検証に失敗しました: 
003a3c54	34	…ねぇ、聞いて…さっきすっごい調合できたの…あなたに見てほしいな…。
003a3e64	29	…ねぇ、そろそろあたしの相手してくれてもいいんじゃない…？
003a400c	5	おっpaい
003a4724	7	フィンガリング
003a478c	5	ネオ・ナチ
003a4e94	11	クーケン島で家を買おう
003a5264	21	.SetIndex: 不正なセット番号 "
003a5b2c	5	siこしこ
003a5c4c	5	hiびょu
003a5d3c	29	はーい！しゅーりょーっ！なに調合したの？見せて見せてーっ！
003a60a4	44	お疲れ様…！ねぇ、無理してない…？あなたの身体が一番大事なんだから…ゆっくり休んでね…。
003a6694	4	ラウンチ
003a6a5c	17	ID token の取得に失敗: 
003a6b3c	4	傾けない
003a7264	9	社会の役に立たない
003a73c4	6	韓国ゴキブリ
003a83a4	10	エラーが発生しました
003a8a34	7	ボコボコにする
003a8efc	4	ロリコン
003a957c	33	…おはよう。…あたしも、まだちょっと眠いけど…一緒に起きよ…ね…？
003a95cc	8	イスラム原理主義
003a96ac	5	小さな港町
003a9b14	5	ぷriぷり
003a9db4	5	ラリってる
003aa28c	4	ステハゲ
003aa8c4	26	…終了だよ。朝からいいペースだね…この調子でいこ…。
003aa99c	6	アラーム一覧
003aaf04	23	タイマーの時間だよ。お疲れ様…いい感じだね…！
003ab36c	38	…おはよう。…あたし、早くあなたと話したくてさ…起きてくれると、嬉しいな…。
003ab61c	30	ぴりりりっ！ぴりりりっ！時間だよー！ぴりりりっ！ぴりりりっ！
003ab91c	6	精神病んでる
003ab994	6	クレリア地方
003abdf4	4	エベンキ
003ac45c	13	' の重み損失: 脚破棄=
003ac484	5	イスラム国
003ac5a4	6	高速ピストン
003ac8bc	6	メスお兄さん
003ac95c	10	きmuchiyaろう
003ac9bc	6	アワビちゃん
003aca1c	8	*「スタミナ」*
003aca2e	11	行動するとお腹が空いて
003aca46	11	少しずつ減っていくよ。
003aca5e	11	魔物と戦ってダメージを
003aca76	11	受けても減っちゃうよ。
003ad19c	38	お疲れ様…！今日のあなたには、特別なご褒美が必要だね…。んーと…何がいい…？
003ad80c	22	会話トークンが不足により、送信ができません。
003ada64	23	 MB の空き容量を確保してからお試しください
003adda4	4	まんっこ
003ae4e4	9	miなごroshi
003ae7c4	4	ロンパリ
003ae88c	4	ブラント
003ae934	7	みnaごろsi
003aeb7c	6	ちnちくりん
003aee2c	9	火山ヴァイスベルク
003aef5c	5	ショタコン
003af474	4	アイヌ系
003b0f4c	5	ログアウト
003b1304	10	ウェルカムミッション
003b19cc	8	ちょuせんjin
003b1fc4	8	みnaごろshi
003b29cc	34	なかなか来てくれないと思ったら…！あたしだって、寂しいんだからね…！
003b2bac	9	マスターベーション
003b352c	12	接続を再試行しています…
003b37ec	38	購入情報を確認できませんでした。通信環境を確認して、もう一度お試しください。
003b387c	4	飛び降り
003b3a24	35	ねぇねぇ、あたしね、今日すっごい調合できたの！あなたに見てほしいなっ！
003b3aac	5	kinたま
003b3fac	25	routing metadata の取得に失敗: 
003b3fec	43	お疲れ様…！いっぱい頑張ったね…。えらいよ…！あたし特製のご褒美あげるね…何がいい…？
003b469c	52	2本とも motion_add_F_* / motion_add_G_* の腕アニメである必要があります
003b4af4	5	フェラーリ
003b4cc4	6	ぶらkuみn
003b4d9c	27	はーいっ！時間だよー！何か調合したの？見せて見せてっ！
003b52b4	5	さかさ椋鳥
003b56ec	46	おはよう！もう夕方だけど、まだまだこれから楽しめるよっ！ねぇねぇ、あたしと一緒に何かしよっ？
003b603c	5	韓国エステ
003b6114	48	おはよう！起きる時間だよ！…ねぇねぇ、用事が終わったら、あたしのとこに戻ってきてね…？約束だよ？
003b62e4	7	アカウント連携
003b6344	15	特別なオファー！月額プラン比 
003b642c	50	…おはよう。…たーっくさん寝たね…ふふっ…ねぇ、起きたらさ…一緒にごはん食べよ…？あたし待ってるね…
003b67e4	27	はいっ！時間だよー！朝からお疲れ様っ！いい感じだねっ！
003b6c8c	5	罵倒プレイ
003b743c	7	高台のカルデラ
003b76d4	8	会話モードを選択
003b7f04	11	 秒でタイムアウト: 
003b879c	24	chara.speakerNames.カサンドラ
003b87dc	4	放火する
003b8e6c	10	クリア報酬をGET!
003b99bc	5	交際クラブ
003b9a2c	5	締まり最高
003b9bfc	6	プロフィール
003b9edc	4	酔わせて
003ba574	5	ボンテージ
003ba6d4	6	ユーザー注視
003ba7a4	6	ずちゅずちゅ
003bb074	14	1..128 文字であること
003bb3c4	4	フェッラ
003bbb54	12	すべての機能をアンロック
003bbcd4	46	projectConfig.ambientGaze は object である必要があります。
003bc214	36	…何やってるの…？あたしもやりたいな…え、ダメ…？…じゃあ隣にいるね…。
003bc37c	34	…ねぇ、そろそろ一息つかない…？あたし、あなたとお喋りしたいなぁ…？
003bc6fc	5	子宮ノック
003bc8d4	7	祀られた精霊石
003bca34	34	…ねぇ、お昼休みでしょ…？あたしとお喋りする時間くらい、あるよね…？
003bd04c	7	しりふりダンス
003bd264	8	生きてる価値無い
003bdf2c	8	みnagoろsi
003be0d4	37	ねぇねぇ、もう夜なんだしさ、それ置いてあたしとゆっくりしようよー。早くー。
003be854	6	けつミサイル
003bea04	5	seiえき
003bec44	9	ノルディックスキー
003bf114	8	ライザとの会話を
003bf126	14	心ゆくまで楽しんでください。
003bf24c	44	おはよう！朝だよっ！あたしね、あなたに話したいことあるの！だから早く早く！おーきーてー！
003bf38c	11	" が含まれています。
003bf594	4	動かない
003bf5e4	6	ヤギの放牧地
003bf854	5	niくぼう
003bfa8c	7	ちんちくriん
003bfacc	7	きむtiやろう
003bfc64	4	ディアン
003bfd0c	4	しりあな
003c00cc	8	ウルディスの大樹
003c064c	7	スポーツヘルス
003c0824	4	しこれる
003c148c	41	…おはよう。……じりりり…じりりり…ライザ目覚ましだぞー…なんちゃって…えへへ…。
003c1ca4	4	クリイキ
003c1cdc	6	スカートの中
003c2ee4	5	頭沸いてる
003c3704	5	カンナビス
003c3e0c	4	huぇら
003c499c	48	…おはよう。夕方まで寝ちゃう気持ち、わかるよ…あたしも眠い時は眠いもん…でも一緒に起きよ…ね…？
003c4a44	5	ジャンキー
003c4e6c	13	(必須)利用規約に同意する
003c5324	25	 MB の空き容量を確保してから再試行してください
003c59d4	4	ジャップ
003c6014	5	人間のクズ
003c60f4	8	choうせんじん
003c6204	4	ダウン症
003c6244	5	サディスト
003c6734	14	不適切な表現が含まれています
003c675c	4	ちんge
003c6bbc	44	ねぇねぇ！それ、何やってるの？あたしもやりたい！…え…？一人用？…じゃあ隣で見てるから！
003c7244	4	ブルセラ
003c736c	13	文字以内で入力してください
003c76b4	9	ちんtikuriん
003c8b44	5	家を燃やす
003c8d4c	28	時間だよー！ねぇねぇ、何してたの？あたしにも見せてよー！
003c9074	44	おつかれ…！大変だったよね…？今日はもう十分だよ…。あとはあたしと、の〜んびり…しよ…？
003c9834	8	ちょuseんじn
003c99bc	6	スカトロジー
003ca0fc	12	は12ヶ月プラン特典です
003ca2fc	6	おっぴroげ
003ca704	5	tinちん
003cac84	5	サヴェリオ
003cbb0c	16	お店を経営してお金持ちになりたい
003cccd4	5	ちntiん
003cce44	45	ちなみに、再生ボタンを押すだけでも、良い感じにお話を進めることもできるから覚えておいてね。
003ccf74	4	ショーコ
003ccf8c	38	お疲れ様…！今日のあなた、最高だったよ…ずっと側で見てたあたしが保証する…！
003cd10c	7	ハイルヒトラー
003cd9f4	8	きむchiやろう
003cdd14	4	おんなら
003cdecc	6	siこしko
003ce114	4	せieき
003ce3f4	14	初めは少ししか持てないけど、
003ce412	11	新しいバッグを買うと、
003ce42a	17	所持上限を増やすことができるんだ。
003cee5c	6	seんずri
003cf68c	4	行き遅れ
003cfab4	8	テキスト再生速度
003cff4c	16	プラン加入後にご利用いただけます
003d02a4	4	(なし)
003d069c	20	最初はとっても便利な『＊』の使い方から。
003d06d4	8	メタンフェタミン
003d0ee4	22	chara.speakerNames.フィー
003d10fc	6	miなごろし
003d12ec	8	60トークン/回
003d1814	8	ミラージュラント
003d2184	11	アジアのかわいい女の子
003d2374	28	…ねぇ、あたしの番まだ…？一緒に何かしたいんだけどな…？
003d23fc	4	あnaる
003d302c	4	とろけ顔
003d307c	21	] の AnimName_1 列が空です。
003d30b4	30	ねぇねぇ！そろそろあたしの相手してくれてもいいんじゃないー？
003d3614	5	鶯の谷渡り
003d4134	6	カーセックス
003d469c	5	オタク臭い
003d4a64	7	みなgoろsi
003d53b4	5	クーケン島
003d5554	8	きむtiやrou
003d5664	69	spine_animation_get_property_mask を解決できません。 ネイティブパッチ未適用として前置きを入れません: 
003d6884	11	ワールドマップにもどる
003d6f54	4	オナ指示
003d755c	15	DL 先への書き込みに失敗: 
003d7ab4	41	おはよう！お昼だよー！…えっ、もうちょっと？もうお昼だよ！？一緒にごはん食べよー！
003d898c	5	乳繰り合う
003d8fa4	5	せnzuり
003d9234	12	購入情報を確認しています
003d92ac	10	錬金術は習得したい？
003d945c	5	蟻の門渡り
003d993c	5	脱法ハーブ
003d9d3c	17	ユーザーは錬金術を習得したいか: 
003d9f54	7	buraくみん
003d9fec	12	他のキャラに邪魔されず、
003da006	17	ライザとお喋りができるモードだよ。
003da174	8	きmutiやろu
003da734	13	スキンの選択に失敗しました
003da7c4	4	ハメオフ
003da8a4	9	オピオイド系鎮痛剤
003db00c	12	音声の生成に失敗しました
003db9e4	10	プライバシーポリシー
003dc534	5	抜きアニメ
003dc61c	6	チャージする
003dc8c4	34	…じりりり…。じりりり…。タイマーをお知らせしまーす…。じりりり…。
003dcf5c	4	ノーパン
003dd0cc	4	連れ込み
003dd25c	4	ヤリマン
003dda34	38	おはよう！朝だよ！起きる時間だよ〜！起きて起きて起きてー！遅刻しちゃうよ〜？
003ddb34	4	オナネタ
003dded4	41	…おはよう。もうお昼なんだけど…あたしのこと忘れて寝てたでしょ…もう…起きてよ…！
003ddf74	4	ぷっしー
003de19c	4	ぬーdo
003de36c	5	しこしko
003de744	5	しゃsei
003df404	5	ぶっかke
003df9ac	4	ヒロポン
003e0294	20	まずは船を手に入れて、クーケン島へ渡ろう
003e0454	5	裏メンエス
003e06d4	24	chara.speakerNames.ヴォルカー
003e074c	17	zip 展開先の空き容量が不足: 
003e0c2c	4	やり捨て
003e17cc	6	taまtaま
003e1cdc	4	ブリカス
003e1d3c	38	本アプリの会話応答はすべてAIが生成しています。人間との対話ではありません。
003e2514	4	エロ漫画
003e2d5c	5	ファックス
003e2e9c	5	黄表紙エロ
003e36fc	15	あ、そうだ。最後にちょっとだけ
003e3a0c	12	特定商取引法に基づく表記
003e423c	19	 は 0 より小さい必要があります: 
003e44b4	4	エロ通話
003e4ad4	7	みなごrosi
003e50ac	44	セーブデータを切り替えられませんでした。通信環境をご確認のうえ、もう一度お試しください。
003e59a4	7	カーマスートラ
003e59dc	43	お疲れ様！今日のあなた、最高にかっこよかったよ！…うぅ、あたしまで元気もらっちゃった！
003e5eac	14	トークンの購入に失敗しました
003e5fac	39	おはようっ！もうお昼だよー！起きて起きてー！あたしと一緒に、楽しいことしよっ！
003e60bc	4	ひびょu
003e646c	4	立ちんぼ
003e650c	9	テキストをスキャン
003e65f4	39	端末の空き容量が不足しています。十分な空き容量を確保してから再試行してください
003e6b2c	9	タップして起こそう
003e6e3c	34	端末の会話ログを読み込めませんでした。次回起動時にもう一度試します。
003e72dc	24	chara.speakerNames.アルベルタ
003e73bc	7	きむちやroう
003e761c	7	かつての集会所
003e7714	4	ヤリモク
003e78c4	7	ぶraくmin
003e7adc	7	ちょうせnじん
003e7c24	4	フレッサ
003e7c5c	6	 の点数は 
003e8164	7	ちnちくrin
003e8c1c	4	ふぇra
003e9524	5	殺っちまう
003e9914	18	せっかくなら、もう一度回してみない？
003e993a	19	さらにお得な割引が当たるかもしれない！
003ea144	45	…お疲れ様…！今日もよく頑張ったね…！たっくさん褒めてあげるから…あたしの隣、おいでよ…。
003ea5e4	5	niくぼu
003eb8fc	4	染みパン
003eba94	8	いいぞもっとやれ
003ebb2c	36	3…2…1…。はーい、おしまい…！ねぇ、なにやってたのー？見せて見せて。
003ebd3c	38	おはよう！起きる時間だよっ！ …ねぇねぇ、ちゃんと寝れた？無理…しないでね？
003ec194	4	ヘロイン
003ec284	6	食い散らかす
003ec624	29	…時間だよ。こんな時間までお疲れ様…。頑張り屋さんだね…！
003ecd94	22	タイマーの時間だよー！朝からいい感じだねっ！
003ecde4	4	ちんっぽ
003ecf94	6	chinちん
003ecfc4	25	はいっ…時間だよ…朝からお疲れ様…いい感じだね…。
003ed38c	4	首を吊れ
003ed6dc	34	AimSlotConfig: boneは空でない文字列が必要です: 
003eddc4	4	tiんげ
003ee3c4	9	きむchiyaろu
003ee724	6	道分かつ大樹
003ee844	22	12ヶ月プランにご加入いただくと付与されます
003eee94	9	みnaごroshi
003ef0fc	47	お疲れ様〜！ふーっ！今日はもう終わり！さっ、あたし特製のドリンク用意してあるから、隣で飲もっ！
003efc4c	45	別にあたし一人でも平気だけどー？…でもあなたと一緒の方が楽しいに決まってるじゃん。ふふっ。
003f01bc	4	ルベルト
003f04b4	58	SittingMandatorySlots: SittingId と SlotId は両方入力してください。row=
003f06ec	44	お疲れ様〜！頑張ったんだからさ、今日は大好きなもの食べよ！あたしが一緒に決めてあげるっ！
003f0b84	23	chara.speakerNames.デアドラ
003f0bc4	6	JKビジネス
003f0cac	34	空き容量が不足しています。十分な空き容量を確保してからお試しください
003f0db2	40	intensity に ExpressionSet を最低1つ定義してください。
003f131c	5	しnaちく
003f14b4	14	[ァィゥェォッャュョヮヵヶ]
003f14f4	15	セーブデータを連携しています。
003f1514	15	アプリをアンインストールしても
003f1534	19	セーブデータを引き継ぐことができます。
003f1ba4	7	キャラチャット
003f1ccc	6	フェンタニル
003f1dec	4	イチモツ
003f2214	5	インラン鬼
003f2fb4	56	[ArmInOut] 左右の腕を揃えるべき指示だが、in/out の長さ M を引けず同期を諦めた: left=
003f3084	6	ちんちくりn
003f313c	4	死を選ぶ
003f3204	4	アヘアヘ
003f376c	39	お疲れ様！ねぇねぇ、今日あったこと全部聞かせて？あたしの隣でのんびり話してよ。
003f39bc	19	ベースポーズを定義した emotion
003f39e4	43	intensity に ExpressionSet がありません（データ設定ミス）: 
003f40ac	6	崩壊した防壁
003f4504	16	※この情報はいつでも変更可能です
003f4526	15	（複数回答 / スキップ可能）
003f4a7c	4	アナニー
003f4b4c	6	プランを見る
003f4c3c	4	ざmeん
003f5644	6	クリフォード
003f59dc	6	ステルシング
003f658c	25	はいっ！時間だよー！なんかお昼って眠くなるよねー。
003f7afc	14	ベンゾジアゼピン系精神安定剤
003f7e24	4	オナ見せ
003f819c	9	シンティラの地底湖
003f843c	86	MotionGroups: 旧スキーマの AnimName 列は使用できません。AnimName_1 / AnimName_2 を持つ新スキーマへデータを移行してください。
003f86b4	4	おめko
003f8734	6	苔むした古塔
003f874c	5	メッタ刺し
003f8764	10	きmuchiやrou
003f8e74	11	" は既知の接頭辞 (
003f9764	9	ちnchiくriん
003f9b6c	38	お疲れ様！夜遅くまで頑張ったねっ！ほら、あたしの隣でちょっと休んでいきなよ。
003f9e9c	56	はじめまして、私はクラウディア。ライザの親友で、最近は商会の仕事が忙しくて…私もライザと一緒にまた冒険したいな。
003fa21c	5	hiびょう
003fa274	6	ニューハーフ
003fa634	40	…一人でも平気だけどさ…あなたと遊ぶ方が楽しいんだよね…ほら…こっち向いてよ…。
003faee4	4	切腹しろ
003fb19c	4	ゴム無し
003fb764	16	耳元で感じる、キャラとの密着体験
003fb954	37	3…2…1…。しゅーりょーのお時間でーす。なんか、いい匂いするね…！ふふっ
003fc114	34	If-None-Match なしの fetch に 304 が返った
003fc32c	13	プランの取得に失敗しました
003fc354	5	tiんちn
003fc4f4	6	すべてを選択
003fca8c	14	) なのに Name が "
003fd2a4	4	maんこ
003fd984	4	バリタチ
003fe06c	6	ペドフィリア
003fe134	6	ベッドを共に
003fe4fc	4	ばぎna
003fe514	14	DL 先の空き容量が不足: 
003fe984	8	テキストスタイル
003fe9a4	34	…おはよう。…もう、あたしのこと、どれだけ待たせるの…起きてよぉ…。
003feb64	14	禁止ワードが含まれています。
003ff044	8	ちnちkuriん
003ff2c4	40	お疲れ様…！たまには息抜きも大事だよ…あたしとお喋りでもしてリフレッシュしよ…？
003ff5a4	6	呼吸を止めろ
003ff6ec	8	miなごrosi
003ffc24	5	シコキャラ
00400054	7	ライザと一緒に
00400064	6	何をしたい？
0040042c	4	抜きゲー
00400724	11	 の候補がありません。
00400c9c	4	ディルド
00400dec	4	 コール
00400f14	34	…おはよう。起きる時間だよ…起きて、起きて…ほら…遅刻しちゃうよ…？
0040131c	49	お疲れ様…！ねぇ、あなたってさ、あたしが出会った中で一番頑張り屋さんだと思うんだよね…ほんとに…。
00401700	4	た〱た1
00401724	39	おはよう！夕方だよー！あたしね、あなたに話したいことあるのっ！ほら、起きてー！
004021a4	5	羞恥プレイ
0040233c	5	オチンチン
00402d1c	6	現在のプラン
00402ed4	9	メンテナンス中です
004031ac	6	なかにだして
0040343c	8	ちんtiくrin
004039cc	44	…おはよう。起きる時間だよ…用事が終わったら、あたしのとこに戻ってきてね…？約束だよ…。
004044ac	7	ユーザーID：
004044cc	28	AimSlotConfig: 不正なJSON形式です: 
00404e84	6	buっkaけ
004058cc	35	] の ApplicableSittingIDs が行間で不一致です。
0040593c	5	buっかけ
0040688c	7	ちnちkuりn
00406954	6	多人数プレイ
00406af4	4	カラード
00406fcc	4	パイ擦り
004076f4	4	baぎな
00407fb4	6	oっぴroげ
00408a64	10	無料トークンGET!
00408bac	4	スクリム
00408ddc	6	チベット独立
00408ee4	4	ハメ動画
0040946c	4	アベガー
00409de4	7	ぶらkumin
00409f6c	8	きむtiyaろu
0040a424	5	ヒトモドキ
0040a47c	5	オナホール
0040a69c	6	ふとももコキ
0040ab74	40	 release では suppressScope=none として続行します。
0040b09c	12	 である必要があります。
0040b1d4	4	台湾ハゲ
0040bee4	4	ソープ嬢
0040c2bc	7	ぶrakuみん
0040c4f4	4	チビハゲ
0040c92c	6	ぐっぽぐっぽ
0040cd34	27	ねぇねぇ、朝から何してるのー？あたしにも教えてよーっ！
0040cde4	4	スカトロ
0040d49c	5	seいえき
0040d8dc	46	おはよう〜！夕方まで寝ちゃう気持ち、わかる〜！あたしも眠い時は眠いもん…でも一緒に起きよっ？
0040de2c	4	はなくそ
0040e0a4	4	サゲマン
0040e144	43	おはよう！もうお昼だよー？あたしがいなかったらずっと寝てたでしょ！ほら、起きて起きて！
0040ebcc	45	…なんかさ、今日ずっとあなたのことばっかり、考えちゃうんだよね…。今、ちょっと構ってよ…。
0040f3b4	7	buraくみn
0040f71c	11	読み込みに失敗しました
0040f8ec	6	ぶraくみん
0040fa74	5	たまtaま
0040fc0c	4	オナニー
0040fefc	4	ショップ
004101b4	6	エホバの証人
004109d4	5	ライザの家
004112cc	5	激ピストン
0041226c	13	これは、ライザの夢の世界。
00412288	18	「あなた」と創る、ひと夏の物語——。
004123bc	6	chiんちn
0041359c	14	 の候補がありません（行数 
0041380c	4	掘られる
00413b74	5	Uスポット
00413d1c	7	ちnちkuりん
00414204	23	ねぇねぇ、お昼何食べたー？あたしにも教えてー！
004146d4	6	84トークン
00414b44	5	排泄プレイ
00414b7c	24	 は 0 以上 1 以下である必要があります: 
00414d94	4	でべso
00414ef4	4	クソ野郎
00415034	6	ユダヤ人虐殺
004150c4	22	chara.speakerNames.アンナ
00415354	4	ネトパヨ
0041568c	39	今日は眠くなるまであなたとお喋りしたいなー。ちょっとでいいからさ。付き合って？
004161cc	9	ちょうseんjiん
004163bc	9	みnagoろshi
0041651c	4	ディック
00416554	23	終了だよ。あたしもちょっと息抜きしよっかな…。
00417d3c	28	…時間だよ。お疲れ様…今日のあなた、すっごくいい感じ…。
00417f44	4	ざーめn
004183a4	4	同意する
0041850c	16	" は数値として解釈できません。
0041873c	19	 は有限の数値である必要があります: 
00418784	4	蜜溜まり
00418b6c	6	お触りキャバ
00418be4	7	アウシュビッツ
004193cc	4	ザーメン
0041948c	4	ジプシー
00419564	7	" を無視し 
004196f4	6	sinaちく
00419b84	5	oっぴろげ
0041a24c	11	」をタップして進もう！
0041a7b4	4	クロンボ
0041ad5c	37	同意の記録に失敗しました。通信環境をご確認のうえ、もう一度お試しください。
0041b434	22	chara.speakerNames.ドルト
0041b774	34	今さ、ちょっとだけいい？…寝る前に、あたしに少しだけ時間ちょーだい？
0041ba0c	17	それじゃあ、いよいよライザと一緒に
0041ba30	15	冒険を進める「RPGモード」を
0041ba50	7	始めてみよう。
0041ba62	9	『君だけの物語』が
0041ba76	10	ここからはじまるよ。
0041be14	6	" です (
0041c6d4	25	時間だよ…朝からよく頑張ったね…えらい、えらい…。
0041c90c	55	おはよう！もうお昼だよー！…ねぇ、ちゃんとごはん食べてる？あなたが元気じゃないと、あたし、困っちゃうんだから！
0041cd9c	5	オプション
0041d6fc	5	頭おかしい
0041d92c	6	プリセット 
0041de94	8	ウルディスの聖跡
0041e02c	7	buらくmiん
0041e56c	23	chara.speakerNames.アガーテ
0041e5ac	42	お疲れ様！ねぇ、たまには息抜きも大事だよ？あたしとお喋りでもしてリフレッシュしよっ！
0041e6bc	4	めこ舐め
0041e7fc	10	Appleアカウント
0041f05c	6	zaーmeん
0041f1cc	21	chara.speakerNames.ミオ
0041f354	27	mission_id は 1..128 文字であること
00420384	12	ラッキー割引のチャンス！
004203fc	4	キツマン
00420e74	7	ちょうせnじn
00420e94	8	クーケン島に行く
00421024	37	お疲れ様…！長い夜だったね…頑張った自分のこと、自分でも褒めてあげてね…？
00421094	4	貼り付け
00421154	9	ちょusenzin
004212ac	8	切り株のステージ
004213ec	6	ペットプレイ
0042179c	65	キャラクターを表示できませんでした。端末のメモリが不足している可能性があります。他のアプリを終了してから、もう一度お試しください。
00421864	16	 は整数である必要があります: 
00421a5c	5	レズは病気
00421f1c	41	お疲れ様…！夜からずっと頑張ってたんでしょ…？ちゃんとわかってるよ…。なでなで…。
00421fd4	6	oっぴろge
004220ec	15	ルーレットを回しています...
00422324	9	ブラジャーハンター
0042365c	10	きmuchiやroう
00423e4c	40	…おはよう。…ねぇ、あなたのことさ…あたしが一番、わかってるつもりなんだよね…。
004240ec	42	おつかれ〜！よく頑張ったじゃん！あたしが美味しいもの作ってあげるから、こっちおいで！
00424434	5	来世に行け
00424714	6	しnaちku
00424964	6	ジェノサイド
0042497c	9	@クラウディア: 
00424a94	30	はーい。時間だよ。午後もこの調子でいこ…応援してるからね…っ
00424d74	4	エロゲー
0042529c	5	しなtiく
00425c9c	5	アヤワスカ
0042603c	8	、タップ用なら 
00426254	4	ぱいぱい
004264f4	7	ダブルフィスト
00426c0c	13	 である必要があります: 
00426d1c	7	みnaごroし
00426d84	38	おはよう！起きる時間になったよー！あたし、いつもあなたのそばにいるからねっ！
00427094	12	クエストはまだありません
004271f4	5	抜きエステ
00427384	7	しkoshiこ
004276d4	6	男のシンボル
00427c94	6	汚いおっさん
00427cac	8	きむtiやroう
00427fc4	4	エロ同人
00428c84	4	ゲロみそ
00428dfc	11	 に重複があります: 
00428f54	61	[TimelineSerializer] $_kEffectCandidates.SetIndex: 不正なセット番号 "
00429664	6	人生リセット
004296e4	30	サーバーが混み合っているため、テキストスタイルに切り替えます
0042a34c	4	ポルチオ
0042a42c	5	サディズム
0042b384	5	ラブドール
0042b724	35	タイマーの時間だよー！もー、あたしが止めないとずっとやってるでしょー？
0042ba8c	6	NTRックス
0042c1f4	25	chara.speakerNames.クリフォード
0042c48c	25	自由に移動するために、舟を用意してクーケン島に行く
0042c4cc	4	ころすけ
0042ce2c	7	バイブレーター
0042d01c	23	chara.speakerNames.ランバー
0042d0dc	4	コカイン
0042da6c	5	ばじゃいな
0042dca4	11	きmuchiyaroう
0042ddac	9	ちょuseんziん
0042ddcc	5	ベッドイン
0042df04	24	読み込みに失敗しました。通信環境をご確認ください
0042e234	4	エロ画像
0042e2b4	26	趣味や性格など、あなたについて自由に入力してください
0042e6bc	41	ねぇ。まだ起きてるんでしょ？あたしのこと、少しくらい気にしてほしいなー。なんてね。
0042ea9c	47	今日も一日、お疲れ様…！あなたが帰ってくる時間がさ…いつもあたし、すっごく楽しみなんだよね…！
0042eb2c	4	ヤリチン
0042f23c	12	タップしてライザを起こす
0042f2dc	7	ホワイトパワー
0042f914	5	チャイエス
004300a4	41	…おはよう。…こんな時間からどこいくの…あたしはいつでも…あなたの味方だからね…？
004305d4	4	しばき隊
00430b24	4	春を売る
00430f0c	45	今日も一日お疲れ様っ！ねぇ、あなたの時間、少し貰ってもいい？まったりお喋りしたいな〜って。
00431804	11	プロフィールを編集する
00431894	13	まだミッションがありません
004318dc	5	腕チェック
00431bf4	44	お疲れ様！朝から頑張るとか、偉すぎでしょ！…ほら、あたしが肩揉んであげる！こっちきなよ！
00431ffc	4	にくぼu
0043220c	9	馬鹿でもチョンでも
0043274c	43	お疲れ様…！大変だったでしょ…？よく頑張ったね…えらいよ…。ほら、肩、揉んであげる…。
0043347c	4	せくっす
004339e4	48	お疲れ様…！いっぱい頑張って疲れたでしょ…？ちょっとだけ甘やかしてあげよっか…ちょっとだけね…。
00433c8c	14	 が同時に指定されています（
00433d14	56	アイウエオカキクケコサシスセソタチツテトナニヌネノハヒフヘホマミムメモヤユヨラリルレロワヲンァィゥェォッャュョー
004349ec	6	スワッピング
00434d24	4	ちnちn
00434eec	10	返信を待っています…
00435434	28	時間だよー！朝からよく頑張ったじゃん！えらい、えらいっ！
004355ac	4	メスガキ
00435d44	7	ステージを選択
00435d64	8	miなgoroし
00435dc4	38	おはよう！朝だよー！あたし、早くあなたと話したくてさ！ねぇねぇっ！起きてー！
00435f54	5	しぼり芙蓉
00436174	5	帆かけ茶臼
0043638c	7	崖下の離れ小島
00436d04	19	テキスト会話無料枠: 毎月45回相当*
00436dfc	20	ここでスタイル（テキスト / ボイス）を
00436e26	6	変えられるよ
0043735c	5	ちんtin
0043752c	5	立ちバック
00437e04	21	RyzaChat:AIをご利用いただくには
00437e30	21	サブスクリプションプランへの登録が必要です
00437f14	5	マルモ広場
00438c9c	6	もう一度試す
004391cc	4	草を吸う
0043928c	7	スワップクラブ
0043932c	14	" の解析に失敗しました: 
0043944c	4	詳しく>
004394dc	4	ゴム有り
004395c4	5	アイテム名
0043968c	5	ガンギマリ
00439a54	6	みなgoろし
0043ac0c	5	消えてくれ
0043ae34	8	ちんちkuriん
0043b1ac	10	正解なんてないから、
0043b1c2	10	君だけの自由な発想で
0043b1d8	14	クエストをクリアしていくのを
0043b1f6	9	楽しみにしてるよ！
0043b7bc	6	しなchiく
0043bfa4	6	しなtiku
0043c0ac	16	有料プランの購入に関する注意事項
0043c94c	21	chara.speakerNames.リラ
0043cf5c	39	お疲れ様〜！今日もいっぱい頑張ったね！あとはあたしとまったりタイムしよ！ふふっ
0043deac	37	まずは実際に試してみよう。僕が例文を入力するから、再生ボタンを押してみて。
0043df24	5	スリーサム
0043df3c	5	夜のお勤め
0043e0dc	8	きmuちやrou
0043edbc	36	…ねぇ、ちょっとだけいい…？寝る前に、少しだけあたしに時間ちょうだい…？
0043effc	5	前立腺イキ
0043fd7c	15	空き容量が不足しています。約 
004400bc	8	minagoろし
00440174	26	ダウンロードに失敗しました。通信環境をご確認ください
004404f4	7	minaごろし
0044091c	38	おはよう！ねぇ夕方だよー？あたし、お腹空いちゃった！一緒にごはん作ろうよっ！
00440edc	6	テンプターズ
00440ef4	9	ちんchikuりん
00441134	37	おつかれ〜！えらいえらい！頑張ったあなたにはあたし特製のご褒美あげちゃう！
00441384	38	…ねぇ、さっき面白いもの見つけたの…聞いてくれる…？ねぇねぇ、ねえってば…！
00441944	5	有料プラン
00441f2c	15	自動継続とその解約方法について
00441fe4	5	アスホール
00442674	5	夫婦の営み
00442ccc	13	展開後にファイルが無い: 
004435ac	44	今日も一日お疲れ様…！ねぇ、あなたの時間、少し貰ってもいい…？まったりお喋りしたいな…。
004438ac	5	shaせい
00443d6c	4	自爆テロ
00443f64	38	asset_control denylist により install を拒否
00443fbc	4	ホテヘル
00444624	5	きんtaま
00444acc	5	コロシアム
00445144	4	オナサポ
0044531c	12	タップして、ライザと話す
004462f4	4	ちゃんこ
004467f4	6	ぶraくみn
00446f5c	50	 が skel に存在しないか存在確認できないため、切り替えず通常の blink 駆動へ縮退します。
00447384	6	フェデリーカ
00447a2c	5	受精プレス
00447e2c	4	ケタミン
0044818c	7	きむちyaろu
0044884c	34	…ねぇ、今日の夜ご飯、何にする…？よかったらあたしと一緒に決めよ…？
0044901c	6	みなごroし
004491bc	9	ちょuseんzin
00449bbc	4	トルコ嬢
00449dec	8	台湾は中国の一部
00449ee4	7	グループプレイ
0044a17c	4	アダルト
0044a36c	8	接続が切れました
0044a424	4	キメセク
0044a76c	5	興味がある
0044abcc	4	ぺにsu
0044abe4	9	ちんtikurin
0044adf4	8	プロフィール編集
0044b004	7	人生終わらせる
0044b084	7	コンタックOD
0044b36c	5	バカヤロウ
0044b5ac	6	nikuぼう
0044b954	31	asset_control denylist により配置を拒否
0044cb54	10	" に未知レター "
0044cecc	4	せnずり
0044d7bc	9	ちnchikuりん
0044d94c	9	クーケン島周辺地域
0044d96c	7	avアダプター
0044d98c	4	ぼっki
0044de74	5	ニッポン猿
0044e16c	9	ディープ・スロート
0044eaac	7	日本のチベット
0044eacc	6	しこshiこ
0044ef14	30	りりりりっ！りりりりっ！時間だよー！りりりりっ！りりりりっ！
0044f20c	10	オンボーディング質問
0044f34c	4	くそまん
0044f6c4	11	 の規約に反します: 
0044f814	4	シコネタ
0044fd2c	5	強制プレイ
0044fd5c	37	…ねぇ、あたしのこと忘れてないよね…？それ終わったら、あたしに構ってね…？
0045003c	10	ちんchikuriん
00450284	10	反映を待っています…
004512a4	6	ちんchin
004513fc	17	気軽に楽しめる、文字だけの会話体験
004516d4	5	ぶっkaけ
00451ab4	23	chara.speakerNames.モリッツ
00451c8c	4	連続イキ
004525ec	41	ねぇねぇ！あたしのこと忘れてないよね…？夜だからってほったらかしは、寂しいなー…。
004529ec	7	きむちyaろう
00452a5c	7	おっぴroge
00452d24	6	存在価値なし
00452e0c	12	1..50 件であること
00452fac	5	zaーめん
0045330c	8	デバッグ: 戻る
004533e4	4	チクニー
00453e5c	10	 腕テンション差分=
004544cc	4	かまって
004547fc	6	puriぷり
00454b14	5	ぱんつ泥棒
00454f34	11	 が重複しています: 
0045561c	16	 に欠けている態度があります: 
00456e7c	6	モンゴロイド
004572bc	6	ぶっkake
0045766c	4	てぃむぽ
00457684	40	ねぇねぇ、聞いて！あたしね、さっきすっごい調合できたの！あなたに見て欲しいなー！
0045779c	6	エロティズム
00457954	4	んほぉ系
00457bc4	6	合法ドラッグ
0045800c	28	…ねぇ、今時間ある…？さっき変なもの見つけちゃってさ…。
0045829c	6	せっkusu
004586ac	4	アンペル
004588e4	4	聖なる穴
00458f94	26	1 variant 内で同じ Spine トラック 
00459294	8	ライザのアトリエ
00459504	42	おはよう！夜のスタートってなんかわくわくしない？あたしも一緒だからさ、楽しんじゃお！
004597ec	4	殺したい
00459844	5	せいえki
004599d4	4	拉致する
00459e04	37	ねぇねぇ！あたしのこと忘れてない…よね？それ終わったら、あたしに構ってっ！
0045a094	9	minaごろshi
0045a684	5	フェラチオ
0045a8fc	6	seいえki
0045b324	5	おすすめ!
0045c134	7	ボイススタイル
0045c3ec	13	会話トークンをチャージする
0045cd7c	5	カフェラテ
0045dbec	5	シブガチン
0045de7c	17	アラームが鳴らない可能性があります
0045e104	4	スヌーズ
0045e1cc	16	購入・復元にはログインが必要です
0045e2dc	8	ちょuせnzin
0045e4a4	33	RollSlotConfig: boneは空でない文字列が必要です
0045e5fc	8	クリちゃんいじり
0045e61c	4	ガイジン
0045ea6c	7	みなごろshi
0045eb34	4	永眠する
0045edf4	6	ジークハイル
0045ef5c	7	チャラ男NTR
0045ef7c	4	テレクラ
0045f55c	4	マジキチ
0045fc6c	6	エフェドリン
0045fce4	10	」は対応スキンで解放
0045fe94	5	けつのあな
00460074	47	ねぇねぇ、お昼ってさ、なんかのんびりしちゃうよねー？あたしも一緒！ちょっと息抜きしにおいでよ。
00460984	4	本番なし
00460dec	4	ルンペン
00460edc	4	アヘ堕ち
0046100c	27	たるるる…たるるる…。時間だよ…たるるる…たるるる…。
00461864	6	中国ゴキブリ
00461954	6	霊なる竜の棺
004619cc	20	*クラウディアが現れて、自己紹介をした*
00461fa4	7	サブスクを開始
004622f4	5	黒人ゴリラ
00462494	12	展開後のサイズ不一致: 
0046267c	4	クズ人間
00463414	35	保存できませんでした。通信環境をご確認のうえ、もう一度お試しください。
0046346c	7	使用済みパンツ
00463b4c	4	ホモガキ
0046485c	33	…おはよう。起きる時間だよ…ちゃんと寝れた…？無理、しないでね…？
00464cbc	4	た〱た1
00464fe4	4	ハメ部屋
00465994	4	毒を盛る
004659d4	4	なかだし
00465c44	4	強制エロ
00465cac	5	ネグロイド
0046603c	44	…おはよう。…夕方の空がきれいだよ。…あなたと一緒に見たいなぁ…ねぇねぇ…起きてよぉ…。
00466bb4	13	1..64 文字であること
00466d6c	5	排泄マニア
0046715c	14	クエストクリア！おめでとう！
004674f4	5	複数プレイ
0046774c	4	ばgiな
004678cc	4	生きるな
004679f4	7	レンタル彼女裏
00467cb4	4	首を切る
00467d2c	42	…お疲れ様…！こんな時間まで大変だったね…！あたしがい〜っぱいなでなでしてあげる…。
00468494	5	ランタン樹
004686dc	5	コロセウム
0046894c	6	ちnちくりn
004693ec	4	ガンジャ
00469aec	5	アラーム名
00469b5c	5	命令プレイ
00469b74	9	ダウンロード中… 
00469e2c	8	ちょうせnziん
0046a0bc	5	児童ポルノ
0046a38c	16	最後に、画面の見方を説明するね。
0046af94	6	モンガルテン
0046b7ac	4	キチガイ
0046c534	5	ネメド地方
0046c6d4	5	syaせい
0046c95c	21	）。指示モーション設定を確認してください。
0046ca14	14	 を接頭辞に付けてください。
0046ca3c	4	パコパコ
0046cbdc	8	ちょうせんjiん
0046d4d4	24	…ねぇ、朝から何してるの…？あたしにも教えて…？
0046d7dc	8	マジックマッシュ
0046dc94	8	みなごroshi
0046dcec	35	…タイマーの時間だよ。ねぇ、夕方ってお腹空かない…？あたしだけかな…？
0046de8c	42	AdditiveCompositionEntry の List を指定してください。
0046e01c	28	…ねぇ、今ちょっとだけ時間ない…？あたしとお喋りしよ…。
0046e224	5	キャンセル
0046e534	7	buらくmin
0046e844	21	[\s'’.・ゝゞヽヾ々〻ゟヿﾞﾟ゛゜゙゚
0046eda4	7	ちnちくriん
0046eedc	12	特定商取引法に基づく表示
0046f564	8	オーバードーザー
0046f94c	38	…ねぇ。まだ起きてるんでしょ…？あたしのこと、少しくらい気にしてほしいな…？
004701e4	7	すべて同意する
004708e4	4	スペルマ
00470a7c	5	うんchi
00470d1c	4	タイマー
00470d34	13	 へフォールバックします。
00470da4	6	にkuboう
00471054	5	ぽこちーん
0047110c	17	(必須)あなたは18歳以上ですか？
0047131c	9	きmuchiやろう
004718b4	4	脳タリン
004722a4	14	" の検証に失敗しました: 
00472594	5	トップレス
00472904	8	ワンチャンあるよ
0047310c	7	狩人の泊まり場
0047357c	40	おはよう！もうお昼だよー！…あたしのこと忘れて寝てたでしょー？もー！起きてよー！
0047366c	5	すけこまし
00473f84	4	ユルマン
004742e4	6	しんでほしい
00474374	5	せiえki
004744e4	29	…ねぇ何してるの…？あたしにも見せてよ…ね…一緒にやろ…？
00474914	14	前の送信を処理しています。約
00474a84	41	…一人でも平気だよ…？でもね…あなたと一緒に過ごす方が楽しいの…！ねぇ、構って…？
00474f1c	14	返信中は他の操作が行えません
0047529c	5	汲み取り屋
00475b74	4	た〱た1
00475bac	6	AVデビュー
0047640c	5	バカヤロー
004764bc	13	この世界の主人公はあなた。
004764da	13	決まった道も、世界もなくて
004764f6	18	あなたの言葉がそのまま物語になるの。
00477264	33	…ねぇ…もう夕方だよ…？そろそろあたしの方見てくれてもよくない…？
0047784c	4	しkoる
00477a0c	8	ちょうsenじん
00477a2c	4	てぃんこ
00477acc	36	購入済みの有料プランのキャンセル処理は、プランの期間満了後に行われます。
004782dc	42	ねぇねぇ！あたし今、すっごくあなたに構ってほしい気分なの！あなたじゃなきゃダメなの！
00478a0c	5	首を刎ねる
00478be4	6	がすがすくん
00478c24	8	きむちyarou
00478f04	7	ちんtiくりん
0047913c	4	ホモ野郎
00479844	11	受け取りに失敗しました
00479b64	4	fuぇら
00479cf4	22	送信に失敗しました。もう一度お試しください。
00479d44	9	ちんchikuりn
0047a174	9	きmutiやrou
0047a83c	5	確実に死ぬ
0047ae54	14	今はまだメニューを開けないよ
0047b3f4	4	kuんに
0047b53c	38	おはようー！…あたしも、まだちょっと眠いけどさ、一緒に頑張って起きよ？ねっ？
0047b8ac	4	おなra
0047ba3c	6	puりぷri
0047c05c	38	なんかさ、夜になるとあなたのことが気になってきちゃうんだよね。なんでだろ…？
0047c164	9	ちょusenjin
0047c8c4	43	[TimelineSerializer] ベースポーズのテンション差分を破棄しました（
0047c91c	25	4.1 テンション非依存化）: emotion '
0047cc0c	6	たmaたma
0047d024	4	ちんぽこ
0047d74c	44	…おはよう。なんか夜って、いつもよりあなたに甘えたくなっちゃうな…？…ほら、起きてー…。
0047da84	7	アナルセックス
0047db14	47	おはよう！もう夕方だよ？むぅ…5秒以内に起きないとほっぺたつねっちゃうよ？ 5…4…3…2…1
0047dcac	7	shiこしko
0047e52c	6	小さなバッグ
0047f03c	21	chara.speakerNames.カラ
0047f594	4	ハメ画像
0047f97c	43	…ねぇ、今やってるそれ楽しい…？ふーん…。あたしと喋る方が楽しいと思うんだけどなぁ…。
0047fc5c	7	アダルトビデオ
004806d4	23	ログインが必要です。再度ログインしてください。
00480e2c	5	きんたma
00480ebc	6	カフェラッテ
004810f4	42	お疲れ様！こんな時間まで頑張って偉すぎるよ…肩こってない…？あたしが揉んであげるっ！
004819b4	16	 は数値である必要があります: 
004819e4	8	」をタップしてね
00481e94	4	イクイク
00482104	13	 が自動的に請求されます。
00482120	23	トライアル期間中はいつでもキャンセルできます。
00482c9c	7	ぶらkumiん
00482e5c	5	ぱizuり
004833e4	5	ちょいの間
00484014	7	THCリキッド
00484234	8	ちんtiくriん
0048463c	15	ライザと冒険を進める物語モード
00484b3c	25	chara.speakerNames.パトリツィア
0048638c	8	きむちyaroう
004867cc	6	おつかれさま
004868dc	4	パイパン
00486bd4	5	チャンコロ
00486eb4	9	ちntikuriん
0048708c	4	クソアマ
00487234	4	まんge
00487974	13	DL リクエストに失敗: 
004884a4	6	しkoしko
0048883c	26	ID token が取得できない (未サインイン?)
00488adc	6	時告げぬ大鐘
00488bac	4	しっko
00489264	4	ちんっこ
0048931c	5	合法ハーブ
0048952c	8	きmutiやろう
004895b4	11	 既定値を使用します。
00489984	5	発展トイレ
00489e04	5	聖水プレイ
0048a0a4	6	スウィンガー
0048a0fc	4	命を断て
0048a2ec	8	buraくmiん
0048a634	7	山果ての廃神殿
0048a8cc	4	パンチラ
0048a904	5	Aスポット
0048bb7c	5	貞操ロック
0048bfa4	13	オンボーディングをリセット
0048c14c	5	回春エステ
0048c8cc	7	メンタルヘルス
0048cc8c	12	この世界の王様になりたい
0048ccec	6	paいずri
0048d39c	8	ルーレットを回す
0048d3ec	43	…ねぇ、お昼ってなんかのんびりしちゃうよね…ちょっとさ、こっちに息抜きしにおいでよ…。
0048d474	8	前立腺マッサージ
0048d5e4	9	きmutiyaろう
0048decc	26	たるるる。たるるる。時間だよ…。たるるる。たるるる。
0048e22c	4	コデイン
0048e85c	5	４つの尖塔
0048e8b4	18	いよいよ、君とライザの物語が始まる。
0048e8da	33	全ては君の自由だけど、まずはクーケン島に向かってみるのがいいかも。
0048e920	16	でも、湖を渡るには舟がないと…。
0048e942	34	もし、ライザとなにを話せばいいか迷ったら、舟を持ってるか聞いてみて。
0048ec8c	66	EH ペアは AnimName_1 と AnimName_2 の両方が必須です。片側不要な場合は Alpha=0 で表現してください
0048f1e4	36	お疲れ様！ねぇ、あたしに何か手伝えることない？遠慮しないで言ってよねっ！
0048f344	6	ビクンビクン
0048f44c	66	 のどちらの列も持っていません。MotionGroups の Speed/Alpha 列を新旧どちらかのスキーマで指定してください。
0048f7bc	5	ウィンドル
0048f99c	8	みなgorosi
0048fdcc	4	オシッコ
004903c4	4	しこru
0049059c	4	メス堕ち
004908f4	7	アラームを削除
00490cd4	38	お疲れ様…！午前中よく頑張ったね…あたしが褒めてあげる…！えらい、えらい…。
00490ed4	15	DL 中にネットワーク例外: 
00491194	5	tiんちん
004911c4	9	サブスクリプション
00491264	6	kiんたma
00491554	107	[MixDuration] MixDurationPoses はありますが expectedSkeletonHash が未供給のため base mix duration を random fallback します。
0049199c	4	ぽん引き
004919dc	4	兜合わせ
00491f9c	7	お漏らしプレイ
00491fbc	4	スラット
00492094	8	きmuちやroう
0049238c	7	死んだ方がいい
0049270c	23	chara.speakerNames.アンペル
00492804	6	トラマドール
00492b14	16	(選択)個人情報の利用に同意する
00492cb4	7	tiんchiん
00492ce4	4	イデアス
00492d84	21	チュートリアル中はトークンを消費しません。
00492dbc	6	ネタあります
00492ee4	35	お疲れ様…。ねぇ、無理しすぎてない…？たまにはあたしにも頼ってよね…？
004931ac	4	ダウン者
00493224	34	はい！時間だよー！朝の時間って貴重だからさ、サクッと次いっちゃおう！
0049328c	22	chara.speakerNames.カール
00493774	4	おはよう
00493864	12	クリアして報酬をGET！
00493dc4	7	アラームを追加
00493de4	30	たるるるっ！たるるるっ！時間だよー！たるるるっ！たるるるっ！
004942ac	4	テキスト
00494f5c	24	chara.speakerNames.ゼフィーヌ
00495254	10	まだ会話がありません
0049548c	4	maんげ
0049568c	27	…時間だよ。ねぇ、何してたの…？あたしにも見ーせて…？
00495c74	8	ちnchiくりn
00495d4c	5	カサンドラ
00496234	4	モリッツ
0049638c	10	きmuchiyaろu
00496cd4	8	ログインボーナス
00496e5c	41	お疲れ様…！午後もあたしが応援してるからね…。まずは一息つこっか。こっちおいで…？
004973ac	4	処刑する
00497dfc	4	首吊って
00497e34	8	みnaごrosi
00498854	5	興味がない
00498bd4	4	皮かぶり
00498bec	4	nuーど
0049901c	8	ちょうsenじn
004990b4	5	たまたma
004991ac	6	paいzuり
004992a4	46	おつかれ…！ちゃんとごはん食べてる…？食べないとダメだよ…？あなたの身体が一番なんだから…。
00499a64	4	陽キャ猿
00499c44	25	RollSlotConfig: bone名が空です
0049a06c	4	犬プレイ
0049a3e4	9	miなgoろshi
0049a6fc	104	無料トライアル付きプランは、トライアル期間終了時に自動的に有料プランへ移行し、その時点からお支払いが発生します。請求を停止するには、トライアル期間が終了する24時間以上前にキャンセルの手続きを行ってください。
0049ab14	5	ざーmen
0049b014	39	…ねぇ、あたしのこと忘れてないよね…？夜だからってほったらかしは、寂しいよ…。
0049b56c	4	ズリネタ
0049b914	35	…ねぇ…もうそれ置いてさ…あたしとゆっくりしよ…？…ね…いいでしょ…？
0049bdc4	4	たんくそ
0049bf0c	6	ハッパキメる
0049c1cc	6	受け取り中…
0049c3d4	4	メス男子
0049c9bc	6	プランの管理
0049cd9c	7	みなgoroし
0049ce54	4	抜きネタ
0049cf24	5	デパスOD
0049d254	4	ホテトル
0049d26c	7	切断されました
0049d7ec	7	きむちやrou
0049da5c	8	ちょうせnzin
0049dcec	8	ちょusenじn
0049dec4	6	てぃんてぃん
0049e07c	7	息の根を止める
0049e0b4	18	復元できる購入が見つかりませんでした
0049e1dc	9	ここでのあなたは、
0049e1f0	12	どんな名前で呼ばれたい？
0049e584	5	ちんtiん
0049e5e4	4	チェンコ
0049e7d4	4	シナカス
0049ec5c	46	…おはよう。…ねぇ、まだ寝てるの…？朝だよ…あたしが起こしてあげるからさ…ほら…起きてー…？
0049f1ec	4	栗採りす
0049f4bc	11	より深く没入できます。
004a0004	8	chiんchiん
004a035c	9	きmuちyaroう
004a073c	4	tiんこ
004a0e8c	8	ディープスロート
004a1384	45	購入は完了していますが、反映に時間がかかっています。「購入情報を再確認」を押してください。
004a183c	7	ちょuせんじん
004a1a24	15	 以上である必要があります: 
004a1d6c	6	: セット 
004a200c	4	ちんたま
004a2684	6	avケーブル
004a2a6c	5	露出プレイ
004a3134	16	" は整数として解釈できません。
004a33a4	8	バイノーラルエロ
004a37ec	44	おはよう！ちょっとー、まだ寝てんの？起きないと、くすぐっちゃうよ？あたし…本気だからね？
004a3924	4	雑魚メス
004a39e4	8	ガラス細工の建屋
004a3aac	22	chara.speakerNames.ボオス
004a3ff4	73	armInOutPartConfig.idleGroupIds は旧形式 left/right ではなく byPosture を使用してください。
004a40b4	4	デリヘル
004a44b4	4	ぺniす
004a48dc	4	合いの子
004a4e0c	39	お疲れ様〜！ねぇ、あなたってさ、あたしが出会った中で一番頑張り屋さんだと思う！
004a523c	6	抜きポイント
004a539c	5	社会のゴミ
004a5994	41	…ねぇ、午後って、なんかだるくなるよね…あたしが元気分けてあげよっか…？ふふっ…。
004a59f4	6	ペッティング
004a5b14	5	ただし黄金
004a5b6c	39	…おはよう。もう夕方だよ…あたしほったらかしで寝てたでしょ…もう…起きてー…。
004a626c	9	きmuchiやろu
004a63c4	4	リミング
004a67e4	11	お得な初回限定トークン
004a6b34	4	クラック
004a717c	5	男のメス化
004a7224	4	ズル剥け
004a74ec	8	ちntikuりn
004a7844	6	sikoしこ
004a785c	11	Googleでログイン
004a78cc	45	 の組でだけ表します。エフェクトを出すなら SetIndex は 0 以上にしてください。
004a841c	8	みnagoroし
004a86a4	41	…あたしさ、今あなたとおしゃべりしたい気分なんだ…。ちょっとだけ、付き合ってよ…。
004a926c	8	minaごろsi
004a932c	23	chara.speakerNames.フレッサ
004a93e4	5	きntaま
004a9a34	6	エロチャット
004a9c7c	6	目隠しプレイ
004a9f74	7	みnagoろし
004aa19c	4	zaめん
004aa27c	24	chara.speakerNames.サヴェリオ
004aa314	7	ちんちkuりn
004aa35c	7	生きる価値なし
004aaa6c	5	朝まで一緒
004aaa84	7	アダルトゲーム
004aad5c	42	おはよう！昼まで寝ちゃうのもアリだけどさ、あたし、待ちくたびれちゃった！起きてよー！
004aaf7c	9	フィリピンパブの女
004ab44c	9	出力に失敗しました
004aba0c	4	メスイキ
004aba24	5	おっひるー
004aba30	5	おっひるー
004aba3c	8	おっひるっだよー
004aba4e	33	…ふふっ！あたしの即興目覚ましソングだよっ！ほら！起きて起きて〜！
004abb0c	17	' の視線損失: 破棄テンション=
004abb94	4	濡れ濡れ
004abfcc	6	スプラッシュ
004ac11c	4	パチンコ
004ac3f4	4	お知らせ
004ac684	42	お疲れ様ー！今日のあなたに、あたしから100点満点の花丸あげちゃう！よく頑張ったね！
004ac764	4	生い立ち
004acd1c	45	おはよう！もう夕方だよー！あたしのことほったらかしで寝てたでしょー？もー！起きて起きてー！
004acfb4	11	Googleアカウント
004ad5b4	4	ソドミー
004adaac	7	をつけることで
004adda4	11	名前を入力してください
004addec	6	oっpiろげ
004ae724	5	ひbyoう
004ae9ec	33	ねぇねぇ、あたしね、お昼に食べたいもの迷ってるの！一緒に決めよー！
004af1fc	49	[ArmInOut] 左右の腕を揃えるべき指示だが、トラックを解決できず同期を諦めた: left=
004af46c	40	" が見つからない/duration 0 のため見た目が出ない可能性があります。
004af9b4	4	siこる
004afdfc	5	ゲイは病気
004affdc	9	トークンを獲得する
004b046c	6	seっくsu
004b0a54	4	セク口ス
004b0d0c	43	お疲れ様…！今日のあなたに、あたしから100点満点の花丸あげちゃう…よく頑張ったね…。
004b0f8c	32	はい！終了ー！朝からいいペースだねっ！この調子でいっちゃおうっ！
004b14a4	5	chiんこ
004b1b4c	12	5日連続！すごいじゃない
004b1e14	5	ベンゾOD
004b3014	10	Appleでログイン
004b3134	37	お疲れ様〜！あたしはさ、いつでもあなたの味方だからね！絶対、忘れないでよ？
004b3214	6	seっkuす
004b348c	5	クリトリス
004b3ab4	7	シコティッシュ
004b3b94	11	インディアン嘘つかない
004b470c	7	タイトルへ戻る
004b4a34	4	クリ責め
004b4b7c	45	お疲れ様…！頑張ったんだからさ、今日は大好きなもの食べよ…！あたしが一緒に決めてあげる…。
004b4f9c	11	既に退会手続き中です。
004b512c	13	AIサービスへのデータ共有
004b5212	12	尭ふ〰尸ふ〰屢ふ〰屣ふ〰
004b52ec	8	ポルノグラフィー
004b5744	7	アーベルハイム
004b586c	22	もしも悩みや不安を抱えて困っているときには、
004b589a	16	気軽に相談できる場所があります。
004b58be	20	#いのちSOS 0120-061-338
004b5906	68	※ 窓口はご利用の言語に応じて表示しています。窓口の情報は変更される場合がありますので、お住まいの地域の公的機関の案内をご確認ください。
004b5adc	6	buらくみn
004b5bfc	41	おはよう！い〜っぱい寝れたね！つまり…体力満タンじゃん？あたしと一緒に調合しよっ！
004b5c5c	6	ディザイアス
004b6df4	7	アラームを編集
004b6f84	4	人権なし
004b71d4	6	マルスリンク
004b7544	7	メンズエステ裏
004b7f0c	6	ぱいzuri
004b81dc	6	みnaごろし
004b8c0c	5	森の隠れ処
004b9144	6	アイス手押し
004b91f4	4	ガマン汁
004b9a64	6	ぶらくmiん
004ba02c	5	JKリフレ
004ba25c	5	seっくす
004ba7a4	5	半島へ帰れ
004ba8cc	6	アナリングス
004ba9d4	48	今日も一日、本当にお疲れ様！ねぇ、こっちおいでよ。あたしの隣でぼーっとするだけでもいいからさっ。
004bb414	5	情を交わす
004bb5ac	9	きmutiyaろu
004bbb3c	8	 を捨て、採用 
004bc01c	39	ねぇねぇ！それとあたし、どっちと過ごしてる方が楽しいー？勿論あたしでしょー！？
004bc314	6	肉体改造エロ
004bca54	45	お疲れ様！沢山頑張って疲れたでしょ？…ちょっとだけ甘やかしてあげよっか？…ちょっとだけね！
004bcd94	5	ストリップ
004bd3b4	18	おっはよー…おっはよー…あっさだよー
004bd3da	17	…ふふっ…ほら、起きて、起きて…？
004bd5c4	5	ボンデージ
004bde94	4	シコ漫画
004be7cc	131	[TimelineSerializer] gazeRuleTable のパースに失敗したため null を返します（利用側で GazeRuleTable.defaultPreset に読み替えられ、gaze/ambient/減衰が デフォルト挙動になります）: 
004beb2c	4	寝取られ
004bef44	6	オキストロン
004bf53c	8	ちょuせnziん
004bf56c	9	ちょうseんjin
004bf5a4	4	誘拐する
004bf65c	7	隠された入り江
004bf914	4	死にたい
004bfa14	7	12ヶ月プラン
004c0334	6	きむちやろu
004c0604	31	" です。SittingSets に定義してください。row=
004c0b64	6	ちちくりあう
004c0e54	6	脱法ドラッグ
004c0ecc	43	おはよう！朝だよっ！…二度寝するなら、スマホの写真フォルダの中身、見ちゃおっかなー…？
004c1604	43	…おはよう。朝だよ…起きないと…スマホの中の写真フォルダ、こっそり見ちゃおっかなぁ…？
004c16ec	5	SMプレイ
004c1e1c	6	shiなちく
004c1fd4	7	日本から出てけ
004c1ff4	5	クソくらえ
004c2c34	7	NTRおじさん
004c2e14	7	siなchiく
004c2ecc	4	デカチン
004c323c	7	アラームの種類
004c329c	6	せんzuri
004c354c	7	ちょuせnじn
004c374c	8	きmuちyaろう
004c3794	7	ケチャップ野郎
004c3f74	8	ネパール人の匂い
004c5ebc	32	…調合、大成功…！って、もうこんな時間…！ふふ…いい感じだね…？
004c630c	15	ナビゲーション メニューを開く
004c68e4	48	今日も一日、お疲れ様！あなたが寝るまで、あたしずっとここにいるからね。安心してくれると嬉しいな。
004c6c14	11	もう一回で大逆転かも？
004c71ac	6	映し陽の祭壇
004c72c4	50	…おはよう。もうお昼だよ…ちゃんとごはん食べてる…？あなたが元気じゃないと、あたし困っちゃうから…。
004c7f74	38	ねぇねぇ！午後も頑張れるように、あたしが応援してあげる！…もー、聞いてるー？
004c86e4	111	有料プランは1ヶ月、12ヶ月ごとの自動継続プランをご用意しております。自動継続によるお支払いを停止するには、有料プランの期限が切れる24時間以上前にお客様ご自身で自動継続のキャンセル処理をお手続きいただく必要がございます。
004c880c	7	ちょuせnじん
004c8874	4	tiくび
004c8fec	6	そとにだして
004c9e8c	8	アストラード高地
004ca0e4	47	お疲れ様！…ねぇ、今日あったこと、のんびり話そ？あたし、あなたが頑張ってるの全部見てたからね。
004ca224	8	burakuみん
004ca364	7	物語をはじめる
004ca81c	43	遅くまでお疲れ様〜！ねぇ、今日はもうあたしとだらだらしよ？何も考えなくていいからさっ！
004caa1c	5	クーケン港
004cac0c	4	腹を切れ
004cadfc	42	お疲れ様…！あなたが頑張ってるとこ、ずっと見てたよ…。ご褒美、何ほしい…？ふふっ…。
004cb5dc	11	アカウントを削除すると
004cb5f4	19	今まで会話した記録やボイストークンなど
004cb61c	12	全ての情報が失われます。
004cb638	13	アカウントに紐づくデータは
004cb654	16	完全に削除され遊べなくなります。
004cb676	18	削除後は引き継ぎや復旧はできません。
004cb69e	31	※App Store / Google Play のサブスクは
004cb6de	26	端末のストア設定から別途解約が必要な場合があります。
004cb714	19	※未使用分のボイストークンは消滅して、
004cb73c	23	サービス終了時の払戻しを受けられなくなります。
004cb76e	23	アカウント削除申請後、30日間の猶予期間を経て
004cb79e	14	データが完全に削除されます。
004cb7be	13	アカウントを削除しますか？
004cb99c	15	ライザとお喋りしながら考えたい
004cbac4	37	今日もお疲れ様！いーっぱい撫で撫でしてあげるから、あたしのとこ、おいでっ！
004cbbe4	24	…はーい。終了だよ。…ねぇ、ちょっと休憩する…？
004cbc44	33	あーっ！！ひらめいた！！…って時間だった！えへへ、ごめんごめんっ！
004cbf64	6	詳しい内容は
004cc1cc	37	お疲れ様〜！今日はもう何もしなくていいから、あたしとだらだらしよ…？ねっ？
004cc234	6	ぶらkuみん
004cc3cc	6	肌を合わせる
004cc49c	7	: セット (
004cc534	5	雑談モード
004cc60c	7	ちょuせんじn
004ccefc	6	ボールギャグ
004cd63c	41	お疲れ様！今日一日、やりきったね！ほら、あたしが肩揉んであげるから、こっちおいで！
004cd75c	51	今日も一日、ほんとにお疲れ様…！ねぇ、こっちおいでよ…。あたしの隣でぼーっとするだけでもいいからさ…。
004cd914	5	指を詰める
004cdf9c	4	抜きなし
004cdfe4	4	まんまん
004ce2ec	29	はーい時間だよー！ねぇねぇ、終わったらあたしと遊ぼうよー！
004ceaf4	9	1 以上であること
004ceebc	4	基盤オプ
004cef34	4	たまたま
004cefac	19	activity_id は空にできない
004cf2d4	5	おねショタ
004cf3fc	6	黄色モンキー
004cf48c	4	おnaら
004cfc14	8	女の腐ったような
004d05ac	8	ちんtikuりん
004d09e4	4	オッパイ
004d0b94	9	復元に失敗しました
004d0fd4	4	おしri
004d13dc	4	カス野郎
004d16d4	9	ルーレットを回して
004d16e8	21	最大59%の割引を永久にゲットしましょう！
004d1ffc	5	蟻の戸渡り
004d21d4	4	おsiり
004d271c	5	おちんちん
004d2954	37	ねぇねぇ、午後ってだるくなるよねー？あたしが元気分けてあげよっか？ふふっ！
004d2acc	5	チャンポン
004d2c0c	6	息の根止める
004d2c6c	5	ぷりぷri
004d2dd4	4	あなru
004d2e44	10	現実世界を案内したい
004d3414	5	プッシャー
004d342c	44	サーバーセッションの切り替えが繰り返されたため、接続を停止しました。再接続してください。
004d3724	19	(必須)プライバシーポリシーに同意する
004d3c1c	20	すごいすごい！次のクエストもがんばろう！
004d46bc	5	今はしない
004d509c	8	ちntiくriん
004d51b4	4	オスイキ
004d53c4	7	崇高なるぷに像
004d582c	10	トークをリセットする
004d5a0c	4	ウィード
004d5db4	41	…あたしも暇じゃないんだけどさ…でもあなたと一緒の方が楽しいんだよね…構ってよ…。
004d61b4	5	一つの中国
004d624c	26	りりりり。りりりり。時間だよ…。りりりり。りりりり。
004d62cc	42	…ねぇ、あたし今すっごくあなたに構ってほしい気分なの…あなたじゃなきゃ、ダメなの…。
004d655c	5	鼻から吸う
004d68cc	19	 は 1 以上である必要があります: 
004d6a1c	25	chara.speakerNames.フェデリーカ
004d7dc4	6	古びた大邸宅
004d809c	22	OccupancyLetters が空です。
004d8194	5	催眠アプリ
004d8544	35	…おはよう。今日も一日、一緒に頑張ろ…ねぇ、聞いてる…？…起きてー…。
004d8dd4	7	oっぴroge
004d90ec	5	エイズ野郎
004d9654	9	スヌーズの継続時間
004d9804	8	アースター中央区
004d98e4	4	ケツ堕ち
004d9cf4	5	母乳プレイ
004d9e14	7	buらkuみん
004da444	4	けつあな
004da4e4	10	ツーショットダイヤル
004da64c	30	 が GesturePatternDefs に存在しません。
004db07c	7	トークンの購入
004dbd64	4	くんni
004dc59c	40	お疲れ様！午後もあたしが応援してるからねっ！まずは一息つこっか！こっちおいでっ！
004dcf64	4	ちんちん
004dd004	6	セーブデータ
004dd2a4	11	資金決済法に基づく表示
004dd7b4	45	…おはよう。こんな時間から頑張るあなた、すごいと思う…あたしも一緒に頑張っちゃおうかな…。
004de0cc	4	エロCG
004de3e4	4	メスブタ
004de5cc	47	お疲れ様〜！今日のあなた、すんごく頑張ったねっ！ご褒美にあたしが何でもしてあげるっ！何がいい？
004de8ac	5	ブロンOD
004debbc	11	ダブルペネトレーション
004df43c	5	せっくsu
004df4e4	9	マザー・ファッカー
004dfb7c	11	トークン(プラン付与)
004dfd9c	9	ちょうsenziん
004dff54	5	モード選択
004e0714	4	ヤリ部屋
004e07b4	6	ホロコースト
004e09dc	4	抱きたい
004e0b8c	31	時間だよー！ふぁ〜あ…あたし、ちょっと眠くなってきちゃった…。
004e13bc	18	端末の空き容量が不足しています。約 
004e1564	34	タイマーの時間だよー！ねぇ、夕方ってなんかお腹空かない？あたしだけ？
004e192c	9	" です。row=
004e19ac	26	ぴりりり！ぴりりり！時間だよー！ぴりりり！ぴりりり！
004e2184	21	そこにはまだ行けないみたい。ライザがいる「
004e2b74	7	しこshiko
004e31bc	6	水源の滝つぼ
004e33e4	20	 の合計が 1.00 ではありません: 
004e39ec	44	 のパースに失敗したため base mix duration 距離駆動を無効化します: 
004e3b54	23	2本ペアは FG または EH だけが有効です
004e4444	6	リセットする
004e48f4	42	お疲れ様…！ねぇ、今日あったこと全部聞かせて…？あなたのこと、あたしに全部教えて…？
004e4df4	29	…ねぇ、今日すっごい調合できたの…あなたに見てほしいな…？
004e5384	4	ちんちn
004e5b9c	5	ぱんtsu
004e60ac	4	deべそ
004e690c	7	@ナレーター:
004e694c	17	キャラクターが見つかりませんでした
004e6dd4	4	oっぱi
004e7024	39	じゃあ、次は自由に会話してみよう。例えば「思い出話を教えてよ」とか聞いてみて。
004e7084	7	ジーク・ハイル
004e73c4	5	ぷりpuり
004e8a8c	5	siなちく
004e8b2c	40	…おはよう。もう夕方だよ…あたしがいないとずっと寝てるつもりでしょ…起きてー…。
004e8ef4	6	見せ合い界隈
004ea0ac	8	きmuちyaろu
004ea44c	6	ゴキブリ以下
004ea9a4	38	お疲れ様…！今日はもう何もしなくていいから、あたしとだらだらしよ…？ねっ…？
004eaaec	4	きnたま
004eac84	5	chiんぽ
004eaee4	5	Pスポット
004eb06c	6	buらくみん
004eb714	11	マジックマッシュルーム
004eb794	5	首輪プレイ
004ebbb4	4	ネトサヨ
004ebc24	7	赤ちゃんプレイ
004ec11c	21	…タイマーの時間だよ。ねぇ、何してたの…？
004ec7e4	66	) のいずれにも一致しません。OneShot は接頭辞で gaze 抑制の要否を分類します。絶対姿勢（終端でポーズを保持する）なら 
004ec934	44	おはよう！これから何かするの？あたし、あなたのそういう頑張り屋なとこ…すっごく尊敬する！
004ecf0c	6	おっpiろげ
004ed10c	4	ショコラ
004ed89c	4	ぱiずり
004edaa4	6	寂れた炊事場
004edabc	6	ぷripuり
004edc1c	5	taまたま
004edcbc	6	種ちょうだい
004f099c	6	shiこしこ
004f0ad4	6	chiんちん
004f0d64	6	トークン/回
004f0db4	4	ちくbi
004f0edc	55	お疲れ様…！一日よく頑張ったね…！今日のあなた、本当にかっこよかった…！なんかあたしまで元気もらっちゃった…！
004f10f4	4	おっぱい
004f13b4	6	やりますねぇ
004f14fc	7	スチュワーデス
004f1664	9	スキンがありません
004f18ec	5	オーク案件
004f1f64	21	タイマーの時間だよ。朝からいい感じだね…。
004f200c	6	ぬちゅぬちゅ
004f25a4	26	アセットの保存に必要な空き容量が不足 (必要: 約 
004f284c	5	サルドニカ
004f2dd4	8	みなgoろshi
004f3604	11	会話トークン(無償)：
004f392c	6	オールドミス
004f3a24	8	ちょuseんじん
004f41dc	30	たるるる…。たるるる…。時間だよ…。たるるる…。たるるる…。
004f44cc	4	けつまん
004f45ac	8	端末の設定に従う
004f47bc	7	いなくなりたい
004f4fec	4	穢れた血
004f5004	6	違法ドラッグ
004f5a2c	5	抜きどころ
004f5c04	4	クリ弄り
004f5f64	35	お疲れ様〜！今日のあなた、めちゃくちゃいい感じだよ！あたしが保証する！
004f60cc	14	プリンス アルバート ピアス
004f6374	8	ちょuせnjin
004f670c	9	ちょうseんziん
004f675c	7	廃れた中央広場
004f685c	6	siなちku
004f69ec	43	お疲れ様〜！ちゃんとごはん食べてる？食べないとダメだよ？あなたの身体が一番なんだから！
004f6c34	5	姉弟プレイ
004f6eec	7	ちんちkuりん
004f7064	9	ちょうseんzin
004f73fc	15	 に未定義ビットがあります: 
004f7494	6	タオの家の前
004f750c	11	アップデートが必要です
004f7664	4	うんti
004f77a4	5	zaーめn
004f7a64	23	はーい！時間だよー！こんな時間までお疲れ様っ！
004f7e64	6	クエスト概要
004fbb44	38	おはよう！まだ寝てるのー？起きないと…あなたのSNS覗いちゃうよ〜？…ふふっ
004fc454	5	寄生プレイ
004fc9a4	4	paんつ
004fc9f4	19	install 先の空き容量が不足: 
004fcaa4	6	マップ準備中
004fcaf4	6	保有トークン
004fcd0c	5	放置プレイ
004fcf34	6	ソープランド
004fd2fc	4	命を奪う
004fd314	4	メサドン
004fdecc	40	…おはよう。…こんな夜でもさ、いつもあたしがそばにいるからね…一人じゃないよ…。
004fdf44	5	くわえ込む
004fe7fc	9	ちょうsenjiん
004fe8b4	4	おmeこ
004fea94	4	peにす
004feacc	4	しゃせi
004feae4	4	ちっんぽ
004feafc	36	" の片側または両側が無いため random fallback します。
004ff254	4	チビデブ
0050014c	4	スキップ
005002b4	6	みなごろsi
00500624	5	知能が低い
00501074	4	ぱんtu
005013a4	7	ぬるぬるボディ
0050142c	5	ぱいzuり
00501794	7	魔喰い樹の水辺
00501e6c	10	会話トークン(無償)
005021fc	35	調合、終了っ！！ …なんちゃって！えへへ、何してたのー？見せて見せて！
005022ac	9	キャラ表示切り替え
005029dc	10	ちんchikurin
00502b54	21	時間だよ…なんかお昼って、眠くなるよね…？
0050355c	10	船で自由に旅へ出よう
00503714	4	抜き合い
00503784	28	サーバーが混雑しています。数分後にもう一度お試しください
00504484	7	*「バッグ」*
00504494	10	手に入れたアイテムは
005044aa	10	ここにしまわれるよ。
00504514	6	g スポット
005045a4	6	ヒスパニック
005047ec	4	レズ野郎
00504c1c	6	越後の米つき
00505024	40	おはよう！今日も一日元気に頑張ろっ！…もー、聞いてるー？…ねぇねぇっ！起きてー！
005053cc	4	ガバマン
0050598c	8	ASMRスタイル
00505a54	34	" が見つからない/duration 0 のため skip します。
0050629c	7	ストラップオン
00506754	4	ペヨーテ
00506d8c	4	ハプバー
00506f6c	38	…おはよう。起きる時間だよ…あたしも一緒に夜更かししちゃおっかな…ふふっ…。
0050714c	42	お疲れ様！午前中めっちゃ頑張ったじゃん！ねぇ、あたしとご飯食べよ！待ってたんだから！
005072a4	6	占有マスク 
00507d34	46	お疲れ様…！午前中ずっと大変だったよね…？よく頑張ったね…！よーし、あたしとごはんにしよ…？
0050819c	6	ライザと話す
00508634	7	イメージビデオ
0050887c	45	新しいバージョンが公開されています。ストアからアップデートして、引き続きお楽しみください。
005088e4	4	オフパコ
00508c4c	36	…ねぇ、そろそろ構ってほしいな…。1分だけでいいから…ねっ？…お願い…。
00508e54	27	$modalRouteContentName を閉じる
00509174	4	合法ロリ
0050a17c	6	しこsiko
0050a33c	8	ちょうseんじn
0050a874	5	おっpai
0050ab8c	15	各地を冒険してお宝探しをしたい
0050b064	6	異界オーリム
0050b3fc	5	ハッテン場
0050b664	5	ヶ月プラン
0050b7d4	5	プラン内容
0050c0e4	4	ざあめん
0050ca9c	5	puりぷり
0050cc14	6	エリアを選択
0050cddc	4	iyらし
0050d10c	7	エクスタシー錠
0050d42c	7	shiなtiく
0050d47c	8	クラーレス農業区
0050d4b4	4	エロ動画
0050d54c	4	ザムエル
0050d984	6	1ヶ月プラン
0050dd4c	18	] は文字列である必要があります: 
0050e4bc	39	…お疲れ様…！長い一日だったでしょ…あたし特製のドリンク、…隣で飲も…？ね…？
0050e8fc	4	太腿コキ
0050ea7c	6	ぷriぷri
0050f704	44	…今日はね、眠くなるまであなたとお喋りしたいな…ちょっとだけでいいからさ…付き合って…？
0050fb44	4	クソゴミ
0050fd2c	5	金パブOD
00510644	4	エロ配信
005108c4	19	おっひるー…おっひるー…おっひるだよー
005108ec	31	…えへへ…即興お昼目覚ましソングだよ…。ねぇ、起ーきーてー…？
00510cb4	7	ワールドマップ
00510d9c	12	やったね！その調子だよ！
0051118c	6	読み込み中…
00511694	4	ブサイク
00511b6c	21	chara.speakerNames.キロ
005123bc	33	ねぇねぇ、今日の夜ご飯何にする？よかったらあたしと一緒に決めよっ！
0051268c	5	妊娠プレイ
00512734	4	裏ビデオ
005127f4	20	DL サイズ不一致: expected=
00512c04	6	大麻リキッド
00512c1c	41	ねぇ、夜くらいあたしにも構ってくれてもいいんじゃないー？…ねぇねぇ。ねぇってばっ！
0051347c	4	クソガキ
005135c4	8	ちんちkurin
00513744	8	ちょusenじん
005145b4	5	婚活ババア
005150bc	9	ちょusenjiん
00515624	5	テロリズム
00515dc4	6	プランを変更
005160bc	10	きむchiyaroう
0051655c	6	メジコンOD
00516994	8	ちんtikuりn
005169ec	83	EmotionProfile が0件です。emotionalGesture データに EmotionProfiles セクションが含まれていることを確認してください。
00516cfc	27	 は 0 より大きく 1 以下である必要があります: 
00516fe4	9	きむtiyarou
0051776c	31	…タイマーおしまいっ！…何か調合したの…？あたしにも見せて…。
00517d24	6	ドピュドピュ
00517d3c	44	…おはよう。…耳元でこうやって起こすのって楽しいんだよね…ふふっ…ほーら。…朝だよー…。
0051866c	4	筆下ろし
00518fe4	5	一夜を共に
0051938c	13	" を含む行を無視します 
0051992c	9	ちょuseんjiん
005199a4	5	paいずり
00519eec	16	※この情報はいつでも変更可能です
0051a504	6	くりっとりす
0051a7e4	4	立ちん坊
0051aae4	4	監禁する
0051aca4	4	けつぺん
0051ad1c	4	ポリコレ
0051b3ec	4	ちんko
0051b4b4	4	ウンコウ
0051b4cc	8	ぶrakumiん
0051c3dc	9	購入が完了しました
0051c574	4	センズリ
0051ca9c	8	ちntikuりん
0051ccac	5	肌を重ねる
0051d184	34	ねぇねぇ、あたし今、ちょっと暇なんだよね。少しだけ構って欲しいなー？
0051d484	7	人生ログアウト
0051da4c	4	ジハード
0051de3c	41	ねぇねぇ、何してるの？あたしにも見せてよー！あ、それ、一緒にやるのもアリじゃない？
0051deac	32	現在メンテナンス中です。しばらくしてからもう一度お試しください。
0051e744	14	商品情報の取得に失敗しました
0051ea5c	24	前の送信を処理しています。しばらくお待ちください
0051f844	15	3日間の無料トライアル終了後は
0051faa4	31	ねぇねぇ！今、ちょっとだけ時間ない？あたしとお喋りしようよー！
0051fb7c	37	…ねぇ…それとあたし、どっちが大事なの…？…ねぇ…聞いてるの…？…もう…。
005201e4	6	taまたma
005201fc	4	ファック
005203fc	42	おはよう！夜から頑張るとかすっごくえらーい！あたしがついてるから、一緒にがんばろっ！
0052140c	10	ステンドグラスの回廊
00521594	4	筆おろし
00521a84	11	購入に失敗しました: 
00521fcc	5	おshiり
0052212c	9	ちょuseんjin
005221bc	7	乱交パーティー
0052255c	38	ねぇねぇ、今やってるそれ、楽しい？あたしと喋る方が楽しいと思うんだけどなー？
005235f4	20	" のグループ属性が行間で不一致です: 
00524074	4	チンチン
0052416c	8	なんでも聞いてね
005241c4	12	二人でまったり過ごしたい
005250cc	9	きむchiやroう
005253f4	4	運ちゃん
0052566c	29	RollSlotConfig: 不正なJSON形式です: 
005257b4	4	抜きあり
005258ac	5	産卵プレイ
00526084	31	…時間だよ…ふぁ〜あ…あたし、ちょっと眠くなってきちゃった…。
00526484	4	ハメ撮り
0052656c	6	大きなバッグ
00526764	8	ちnちkurin
00526894	4	しにたい
00526aac	33	ねぇ〜、もう夕方だよー？そろそろあたしの方見てくれてもよくないー？
00526c34	5	oっpaい
00527074	4	ちんpo
005270bc	28	" の OccupancyLetters が不正です: 
00527254	45	…おはよう。お昼まで寝ちゃう気持ち、すっごくわかるよ…あたしも…でも、一緒に起きよ…ね…？
0052734c	25	時間だよー！何か調合したのー？あたしにも見せてっ！
005276fc	4	メス落ち
005279ac	10	きmutiyaroう
005279cc	9	ちょうsenjin
00527a4c	8	ちょうせnjin
00527e2c	35	…おはよう。起きる時間だよ…あたし、いつもあなたのそばにいるからね…。
005282b4	5	ぽこてぃん
005286d4	18	高品質な記憶 / コンテクストの提供
005287ac	10	どのようにこの世界で
005287c2	7	暮らしたいか、
005287d2	10	改めて教えてください
005288cc	45	おはよう！こんな時間に目覚ましなんて、これから何かするの？あたしも調合の勉強しようかな〜。
00528934	22	chara.speakerNames.ロミィ
00528abc	5	古い吊り橋
00528b04	45	…おはよう。朝になったよ…まさか二度寝しようとしてない…？あたしには、わかるんだからね…？
00528c84	14	3日間の無料トライアルを開始
00529244	25	タイマーの時間だよー！お疲れ様っ！いい感じだねっ！
00529e84	8	白系南アフリカ人
0052a52c	39	…なんか、夜になると…あなたのことが気になってきちゃうんだよね…なんでだろ…？
0052af64	7	siこshiこ
0052af84	5	シャイナス
0052b0ac	32	退会手続きを受け付けました。30日後にデータが完全削除されます。
0052b3ac	4	バリネコ
0052b594	4	おnaほ
0052b70c	8	時間停止おじさん
0052b92c	4	ちkuび
0052bd04	47	お疲れ様…！今日のあなた、すんごく頑張ったね…ご褒美にあたしが何でもしてあげる…。何がいい…？
0052c4e4	6	しnatiく
0052c7e4	17	名前に絵文字や記号は使用できません
0052c97c	13	日連続ログインで報酬獲得！
0052ca84	6	危険ドラッグ
0052cf24	9	ちんchiくriん
0052d604	43	" が skel に存在しないか、duration を取得できません（emotion=
0052d6d4	4	受け取る
0052dac4	7	ヘルプセンター
0052e554	38	おつかれ…！今日のあなた、めちゃくちゃいい感じだよ…！あたしが保証する…っ！
0052ec64	47	あたしだって、一人で遊べるんだからねー！？…でも、あなたと遊ぶ方が楽しいの！ほら、構ってよっ！
0052ecf4	5	おっはよー
0052ed00	5	おっはよー
0052ed0c	8	朝になったよーっ
0052ed1e	36	…ふふっ！あなたのための即興目覚ましソングだよ！ほら、起きて！起きてっ！
0052eec4	6	シチュボエロ
0052f50c	5	太ももコキ
0052f62c	35	ねぇねぇっ！さっき面白いもの見つけたの！聞いてくれる？…ねぇってばー！
0052f86c	43	…別にいいけどさ…あたしだって一人で遊べるし…でもちょっとくらい、こっち、向いてよ…。
0053054c	24	キャラが動いているように声が響く、没入の会話体験
0053074c	24	…時間だよ…ねぇ、終わったらさ…あたしと遊ぼ…？
005308ec	8	ガラス細工の工房
0053093c	4	ヤリサー
00530cc4	36	あたしも暇じゃないんだけどさー？でも、あなたといる方が楽しいんだもんっ！
0053115c	8	" が不正です。
0053181c	45	おはよう〜！お昼まで寝ちゃう気持ちさ、あたしもすっごくわかる〜！…でも一緒に起きよ？…ね？
005318fc	38	お疲れ様…！ねぇ、あたしに何か手伝えることない…？遠慮しないで言ってよね…？
00531ac4	4	谷間コキ
00531b44	7	ハマグリちゃん
00531d1c	4	モブおじ
0053229c	4	ランバー
00532414	5	いやらしい
0053257c	7	びしょぬれマン
0053262c	4	キモおじ
00532bec	5	きnたma
00532dec	6	いちゃキャバ
00532e1c	6	ぷりpuri
00532e4c	5	トルコ風呂
00532e64	44	おはようー！今すぐ起きないと、顔つんつんするよー？あたし容赦しないからね？ほら起きてっ！
005334cc	4	バレンツ
005337fc	8	minaごroし
00533c44	46	…おはよう。…夕方だよ…あたしがそっと起こしてあげる…。ほら…耳元でささやいたら起きるかな…
00533f94	26	…はい、おしまい…よく頑張ったね…えらい…えらい…。
0053427c	4	おっぱi
00534384	20	ユーザーはライザと一緒に何をしたいか: 
0053451c	5	しこsiこ
00534a74	64	プラン料金のお支払いは一括支払いのみとなります。複数月プランのご購入であっても分割によるお支払いはできませんのでご了承ください。
00534b84	5	シュタウト
00534b9c	38	りりりり！りりりり！あたしがタイマーをお知らせしまーす！りりりり！りりりり！
005356bc	8	ちょうせnjiん
00535a64	34	…おはよう。もう夕方だよ…起きたらまず水分補給ね…あたしとの約束…。
00535df4	4	パイズリ
0053611c	6	イキっぱなし
0053648c	8	*「クエスト」*
0053649e	14	この世界は全て君の自由だけど
005364bc	10	何をするか迷ったら、
005364d2	11	クエストを進めてみて。
00536674	6	アニリングス
00536ec4	40	…はーい。タイマーの時間だよ…！あたしが止めないとずっとやってるでしょ…もう…。
00536f3c	5	イマラチオ
00537054	77	EH ペアは AnimName_1 に motion_add_E_*、AnimName_2 に motion_add_H_* を順序固定で指定してください
00537d64	11	会話トークンをチャージ
0053888c	4	聖水オプ
005388fc	9	セーブデータを選択
00538e54	9	ちょうsenzin
00539134	40	ねぇねぇ、そろそろあたしに構ってほしいなー？1分だけでいいからっ！ねっ？お願いっ
005391f4	6	クラウディア
0053920c	4	イキスギ
005398ec	6	siこsiこ
0053a284	4	イメクラ
0053a6ac	6	ポルッタ丘陵
0053a92c	6	へっぺかます
0053ad8c	6	リストカット
0053b0ec	12	zip の展開に失敗: 
0053b9a4	6	コーカソイド
0053bb64	8	去りし乙女の水鏡
0053c91c	4	キメオナ
0053ce9c	25	chara.speakerNames.クラウディア
0053cf5c	10	セクシーな 10 代
0053cf7c	4	覚せい剤
0053d11c	19	しばらくしてからもう一度お試しください
0053d8fc	12	自由に雑談を楽しむモード
0053e16c	46	おはよう！まだ寝てるのー？起きないと…こっそりあなたの検索履歴、見ちゃおっかなぁ〜？ふふっ。
0053e5ac	7	ピオニール聖塔
0053e8c4	39	あたしさ、今あなたとおしゃべりしたい気分なんだよねー！ちょっと付き合ってよー！
0053f5d4	5	チラリズム
0053f8ac	7	shikoしこ
0053fa5c	5	フルボッコ
00540414	7	kiむちやろう
005404dc	4	ニップル
005407b4	9	きむtiyaroう
00540adc	4	フィスト
00541714	5	メスカリン
00541814	27	…ねぇ、お昼に食べたいもの迷ってるの…一緒に決めよ…？
005419ec	7	おっpiroげ
00541b9c	41	お疲れ様〜！長い夜だったね。ねぇ、頑張った自分のこと、自分自身でも褒めてあげてね？
00541ca4	8	荒らされた宝物庫
00542134	41	AnimName_1 と AnimName_2 は左右別々の腕である必要があります
0054267c	9	きmutiやroう
005426dc	7	ハプニングバー
00542764	4	死ぬしか
0054277c	4	寝取らせ
00542b4c	41	お疲れ様…！今日もいっぱい頑張ったね…！あとはあたしと、まったりしよ…？ふふっ…。
0054398c	5	命をもらう
0054430c	5	たmaたま
0054453c	7	パンパンガール
0054455c	15	AI生成コンテンツの問題を報告
00544fec	7	脳みそ腐ってる
005456dc	47	お疲れ様…。ねぇ、あたしには、何でも話していいんだよ…？頑張ってるの、ちゃんと知ってるから…。
00546a84	4	ザコメス
00546e84	4	おわい屋
00546eec	6	冒険を始める
00547634	5	kiんたま
005476dc	7	oっpiろge
005477a4	7	ぶrakuみn
00547a24	14	5日連続ログインで報酬獲得！
00547b34	36	お疲れ様！今日のあなたには、特別なご褒美が必要だねっ！んーと…何がいい？
00547ccc	6	フリープラン
00547d2c	4	がちゃ目
0054911c	7	おっpiろge
005493f4	8	shiなchiく
00549744	8	ちょうseんじん
005497a4	7	シックスナイン
00549814	10	その他のプランを見る
005498dc	7	稀なる者の祭壇
00549d4c	4	セックス
0054a21c	4	てぃこき
0054a97c	9	だいしゅきホールド
0054aa64	6	ブツ持ってる
0054ac44	7	chiんtiん
0054ad7c	6	ハイミナリン
0054b144	34	たるるるっ！たるるるっ！じっかんっだよーっ！たるるるっ！たるるるっ！
0054b6dc	4	きんたま
0054c244	45	お疲れ様〜っ！あなたが頑張りすぎるとさ、ちょっと心配になっちゃうんだよね。ゆっくり休んで！
0054c2ac	22	chara.speakerNames.ライザ
0054cb34	4	ヴァギナ
0054cb84	4	死を選べ
0054cd44	6	tiんtiん
0054cd5c	4	ランパブ
0054ce0c	7	バッドトリップ
0054d27c	5	フェミカス
0054da6c	8	どちゃくそシコい
0054dd04	5	ヴォルカー
0054e02c	5	ラブホテル
0054e104	45	" の VariantIndex は 0 始まりの連続整数である必要があります。検出値: 
0054e4b4	7	buらkuみn
0054e4d4	32	『＊』を使うと、君の望んだ展開に物語を進ませることができるんだ。
0054ed0c	7	トランスは病気
0054f104	43	アプリを終了したため、アラームが鳴らない可能性があります。アプリを再度開いてください。
0054f2ec	6	川沿いの岩壁
0054f90c	38	…おはよう。夕方だよ…あなたに話したいことあるの…起きてくれると嬉しいな…。
0055008c	6	インディアン
005502d4	45	やあ、僕はこの世界の案内人。ライザが起きるまでの間、この世界の遊び方を君に教えてあげるね。
0055052c	61	" の ApplicablePoseIds に 存在しない BasePoseCandidate.id が含まれています: 
00550a74	8	ちんchiくりn
00550e64	6	不揃いの台座
00551224	71	この端末の購入は別のアカウントに紐づいています。購入時にログインしていたアカウント（Google / Apple）で再度ログインしてください。
0055150c	8	きむtiyaろう
00551a9c	7	チュートリアル
00553c7c	11	ネットワークエラー: 
00553d84	9	みなgoroshi
0055406c	4	春を買う
00554084	40	お疲れ様〜！今日もすっごく頑張ったね！あとはさ…あたしとまったりごろごろしよー。
00554b44	7	しなchiku
0055517c	5	スケベ椅子
005553bc	4	ソープ姫
005553d4	4	マンカス
00555764	4	登録する
00555c34	4	へらちお
00555d8c	4	ぱいすり
0055610c	6	しkosiこ
0055613c	31	たるるるっ！るるるるっ！時間だよーっ！たるるるっ！るるるるっ！
0055661c	22	chara.speakerNames.レント
005569ec	5	マゾヒスト
00556c4c	4	ケツ掘り
00556fdc	4	闇バイト
005570c4	5	消してやる
00557314	8	ちょuせんzin
005578c4	31	…調合、終了…！ふふっ…なんちゃって…ねぇねぇ…何してたの…？
00557b4c	8	最奥へ続く跳ね橋
005580bc	45	会話の記憶をサーバー側でリセットできませんでした。しばらくしてからもう一度お試しください。
00558324	5	地獄へ送る
00558b44	20	PR-B でこの画面の中身を実装します。
00558cdc	48	お疲れ様…！疲れたでしょ…？あたしはちゃんと見てたからね…。あなたは本当に頑張り屋さんだよね…！
005597e4	4	トークン
00559a8c	8	miなごろshi
00559aac	5	しなちku
0055a894	14	会話トークン(無償)GET!
0055ad84	5	永遠に眠れ
0055ba5c	6	アラーム編集
0055ba74	4	シコって
0055bb0c	4	導きの岩
0055c1fc	10	現在のセーブスロット
0055c24c	5	カーク群島
0055c4d4	32	ふぅー。今日もあと少しだねっ！休憩がてら、一緒におしゃべりしよ！
0055c7c4	6	RPGモード
0055c7dc	7	ぶraくmiん
0055ca94	15	メッセージの送信に失敗しました
0055d32c	6	カップル喫茶
0055daa4	4	ゴミクズ
0055dc74	4	クエスト
0055e0fc	14	ユーザーIDをコピーしました
0055f0ec	6	まんぐり返し
0055f134	5	フォーサム
0055f1dc	6	朝鮮ゴキブリ
0055f5ec	4	セックル
0055f984	5	テロリスト
0055feb4	7	ちんtiくりn
00560e4c	5	外して戻る
00561af4	4	なまなか
00561b0c	7	クンニリングス
00561bec	4	boっき
00561f5c	28	] の VariantWeight が行間で不一致です。
005627ac	6	ヴぁじゃいな
005631cc	31	 が GesturePatternDefs に存在しません: 
005647c4	7	miなごroし
005648ec	5	マリファナ
00564a84	39	お疲れ様…！夜遅くまで頑張ったね…ほら、あたしの隣でちょっと休んでいきなよ…。
00564b64	32	AimSlotConfig: boneは空でない文字列が必要です
00564bb4	4	うんpi
00564d04	36	…おーはーよー。…たるるる…たるるる…。ライザ目覚ましだぞー…。ふふ…。
0056528c	9	をご確認ください。
005656cc	6	安楽死したい
005658e4	9	お待たせしました！
005658fa	11	ライザとの新しい生活を
00565912	13	心ゆくまで楽しんでください
00565974	4	国へ帰れ
0056598c	11	オンボーディングトーク
005661c4	82	AIの悪用やサービスの非倫理的な利用はご遠慮ください。悪用事例を共有するなど運営規約の違反が確認された場合、利用制限や法的措置をとらせていただく可能性がございます。
005662bc	4	せいeき
0056664c	6	パトリツィア
00566c24	8	shiこshiこ
00567244	5	にkuぼu
005672d4	45	このアカウントは現在利用できません。復旧を希望する場合は、お問い合わせからご連絡ください。
0056762c	16	今はまだ再生速度を変えられないよ
00567d24	35	RollSlotConfig: boneは空でない文字列が必要です: 
00567e34	5	ベアバック
00568094	6	buっかke
005681c4	5	chiんげ
0056846c	6	スタイル選択
005686ec	11	カードの保存に失敗: 
00568aa4	6	ボトムシート
00569464	36	お疲れ様！午前中よく頑張ったね！あたしが褒めてあげる！えらい、えらいっ！
00569884	6	タケノコ医者
00569a6c	5	すかしっぺ
00569d94	7	フェティッシュ
0056b00c	27	時間だよ。ちゃんとお昼ごはん食べた…？何か食べてね…。
0056b244	6	普通のバッグ
0056b8dc	5	みなごろし
0056b9d4	7	ちょうせんじん
0056bd94	5	エスキモー
0056c29c	24	続けるほど、あなたのことをもっと知れる気がする。
0056cb1c	6	エロティック
0056db54	7	miなごろsi
0056dc04	6	すごいバッグ
0056e074	6	もう一度挑戦
0056ee34	38	…おはよう。まだ寝てるの…？起きないと…SNS、覗いちゃうよ…？…ふふっ…。
0056f14c	21	はい！終了ー！そろそろ寝ないとダメだよー？
0056f91c	25	トーク時に使用するプロフィールを作成してください。
0056f950	16	この情報はいつでも修正可能です。
0056fc04	7	オーバードーズ
0056fd84	4	シコシコ
00570084	7	中にちょうだい
005700d4	28	時間だよー！午後もこの調子でいこっ！応援してるからねっ！
0057013c	4	まんko
00570fc4	4	でbeそ
00571124	4	ゴミカス
00571234	5	アジアン猿
005715dc	9	 が欠けています。
00571d94	9	ドラッグパーティー
00571eac	6	オウム真理教
005721a4	4	ちっぱい
00572374	8	ちntiくrin
005725fc	10	 は空にできません。
0057292c	5	ゲシュタポ
00572c1c	34	ねぇねぇ、お昼休みでしょー？あたしとお喋りする時間くらいあるよねー？
0057357c	6	ネメド大森林
0057365c	5	chiくび
00573bb4	8	ちょうせんzin
00574744	5	シコリティ
00574cfc	4	見てみる
005753bc	10	トークン(追加購入)
005754c4	7	shiなちku
0057630c	4	ケツコキ
0057665c	4	おなni
00576d6c	30	はーい！おしまーいっ！よく頑張ったじゃん！えらい、えらいっ！
0057727c	7	シンティラ鉱山
00577904	4	大人あり
00577cdc	5	ハーメルン
00577f24	4	oっぱい
00577f3c	5	パンティー
00578554	10	きむchiyarou
00578c34	4	オス堕ち
00579164	6	ストアを開く
005794fc	4	サポート
00579644	10	会話トークン(有償)
00579664	6	せきれい本手
005796a4	6	バフォロメト
0057a1fc	5	せnずri
0057a73c	5	ヘルスケア
0057a86c	27	…ねぇ、お昼何食べたの…？あたしにも教えて…？ふふっ。
0057a9dc	7	茶色のシャワー
0057ac0c	5	ロケット乳
0057ac3c	5	ショタおね
0057acdc	5	アーリア人
0057afdc	4	おしっこ
0057b574	7	ドッグスタイル
0057b594	6	入り江の漁村
0057b5ac	4	tiんぽ
0057b724	21	レスポンスボディの parse に失敗: 
0057c27c	9	きmuちyarou
0057c2e4	4	モルヒネ
0057c63c	4	寝バック
0057c8ec	4	シコ画像
0057ccbc	4	イヤホン
0057cd9c	8	シンプルチャット
0057cdbc	14	サービスの運営規約に同意する
0057cfa4	48	…おはよう。こんな時間に目覚ましなんて、これから何かするの…？…あたしも調合の勉強しようかな…。
0057d644	4	チンカス
0057d674	47	…おはよう。…ねぇ、お昼だよ…あたしもうお腹ぺこぺこなんだけど…そろそろ構ってよ…ねぇってば…
0057d70c	5	seいeき
0057d80c	7	ちんちくrin
0057d9b4	4	アラーム
0057dc6c	4	脳足りん
0057e3ac	14	補足テキストあればここに記載
0057f5d4	12	RPGモードで自由に冒険
0057f614	4	死ぬべき
0057fd9c	5	アルベルタ
0058027c	8	ハーケンクロイツ
0058063c	6	puりpuり
005808e4	48	お疲れ様…！朝からずっと頑張ってたんだね…。あたしが美味しいもの作ってあげる…。こっちおいで…。
00580a74	8	 を採用します。
00580a94	5	セクキャバ
0058145c	5	失禁プレイ
005814c4	17	トークンはターン毎に消費されます。
00581554	4	挿れたい
00581794	8	ちょuせnjiん
00581ae4	6	ウェブを検索
00581b7c	4	違法デリ
005823d4	8	ちょうせんjin
00582754	4	ポコチン
0058292c	5	窒息プレイ
00582c3c	4	てぃんぽ
00583884	8	オオイタチの花園
00583a94	4	どん百姓
00584bc4	4	アガーテ
00584e84	21	 は 1.0 以上である必要があります: 
00584ee4	5	憩いの広場
0058512c	6	ピストン運動
005852bc	10	会話モードのボタンを
005852d2	8	タップしてみよう
00585454	4	ピンサロ
005855bc	14	分後にもう一度お試しください
00585ab4	47	お疲れ様！…あなたが帰ってくるの待ってたんだよね。ねぇねぇ、今日はどんな一日だった？教えてよ！
0058619c	20	 に解決されるアニメを複数指定できません
005861d4	4	みみくそ
005862ac	13	無くなると気絶しちゃうから
005862c8	6	気をつけて！
005862d6	8	ご飯を食べたり、
005862e8	15	安全な場所で寝ると回復するよ。
005863dc	32	…ふぅ…今日もあと少しだね…休憩がてら、一緒におしゃべりしよ…？
00586524	8	ここからの物語は
00586536	9	どこから始めたい？
0058698c	45	なんかさ！今日ずっと、あなたのことばっかり考えちゃうんだよね。ねぇねぇ！ちょっと構ってよ！
00586a8c	7	レスタミンOD
00586d5c	4	へっくそ
0058730c	9	きむchiやrou
00587364	43	…おはよう。もうお昼だよ…？あたしがいなかったら、ずっと寝てたでしょ…ほら、起きて…？
00587a8c	19	 は 0 より大きい必要があります: 
00587cc4	22	)。「エフェクト無し」は SetIndex=
0058808c	6	オキシコドン
005882b4	5	せんzuり
00589654	44	遅くまでお疲れ様…！ねぇ、今日はもうあたしとだらだらしよ…？何も考えなくていいからさ…。
0058a1ac	9	ライザに会いに行く
0058aa94	38	今日も一日、お疲れ様…！あなたが寝るまでずっとここにいるから…安心してね…？
0058b5ac	4	ヒトラー
0058b964	7	*「コール」*
0058b974	10	この世界のお金だよ！
0058ba84	21	chara.speakerNames.タオ
0058bca4	10	チュートリアルトーク
0058bd6c	8	ちょuせんjiん
0058be34	4	ちnちん
0058c3bc	29	…時間だよ。…朝からちゃんとしてて偉いね…次、いこっか…。
0058c66c	4	メニュー
0058cfac	8	ちょuせんziん
0058d214	5	浣腸プレイ
0058d3d4	4	ガチムチ
0058d87c	8	ちnchiくりん
0058de44	7	shinaちく
0058e11c	17	今はまだ会話モードを変えられないよ
0058edac	22	chara.speakerNames.デニス
0058eeec	6	ちんchiん
0058f49c	7	きmuちやろう
0058f594	36	おはよう！もう夕方だよー！起きたらまず水分補給だよっ！あたしとの約束っ！
0058f7d4	29	退会手続きに失敗しました。時間をおいて再度お試しください。
0058fbbc	4	おなho
0058fc74	6	サイロシビン
0058fc8c	43	…おはよう。まだ寝てるの…？起きないと…検索履歴、こっそり見ちゃおっかなぁ…ふふっ…。
0059003c	5	白人ゴリラ
005907cc	7	リリース記念の
00590e1c	5	に移動した
00590f6c	14	サーバーが混雑しています。約
005910c4	4	ピンク店
00591434	21	zip 展開先のファイル IO に失敗: 
0059172c	6	古代マナ工房
00591e1c	27	ASMR機能は特定のスキンを購入することで使用可能です
0059229c	6	ビュルビュル
00592b54	11	トークンを購入しました
00593414	5	コンドーム
0059346c	4	切り取り
0059364c	8	セーブスロット 
00593bac	44	おはよー！朝になったよー！まさか、二度寝しようとしてない？あたしにはわかるんだからねー？
0059440c	4	人でなし
005946ec	30	終了の時間だよ…！何か調合したの…？…あたしにも、見せて…。
00594b0c	6	kiんtaま
00594b8c	4	ハゲデブ
00594fe4	6	催眠おじさん
005951b4	7	ちntiくりん
00595444	8	 文字であること
005956b4	8	瑳条彥〰た〰た0
00595834	37	…夜くらいさ…あたしと遊んでよー…ねぇねぇ…そっちより楽しいよ…？ふふっ…
0059588c	5	ようこそ！
0059617c	44	お疲れ様〜！ねぇ、無理しすぎてない？たまにはあたしにも頼ってよねっ！これから少し休める？
0059678c	9	購入に失敗しました
005974d4	7	聖堂臨む隠れ浜
0059769c	4	御っぱい
00597944	5	フォルマー
00597a1c	38	お疲れ様…今日一日、やりきったね…！ほら、肩揉んであげる…。こっちおいで…？
0059814c	6	朝までコース
0059826c	4	ガチホモ
00598594	6	カフェ・ラテ
005985d4	22	タイマーの時間だよー！ねぇねぇ、何してたの？
00598ab4	9	バイスハイト学園区
00598ad4	23	chara.speakerNames.ディアン
00598fcc	6	立ち並ぶ巨像
00599184	16	 の会話履歴・メモリ・リソースを
005991a6	12	すべてリセットしますか?
0059939c	5	抜ける画像
005994ac	5	ぱiずri
0059951c	4	Tバック
0059966c	4	おまんこ
00599724	28	無料トライアル終了後、お支払いの確定をもって付与されます
00599d34	5	paiずり
0059ad24	4	うんko
0059adbc	19	チュートリアル中は設定を変更できません
0059adf4	5	バイアグラ
0059b4dc	5	ダイアログ
0059b52c	10	再生ボタンを押して、
0059b542	14	用意した文章を送ってみよう！
0059bfec	5	にkuぼう
0059c02c	9	から物語が始まる。
0059c1bc	31	はーい！時間だよー！ちゃんとお昼ごはん食べた？何か食べてね〜！
0059c66c	5	中に出して
0059c8ec	5	オーガズム
0059c96c	5	せいeki
0059ce44	11	サブスク限定スキン付与
0059dbcc	5	尿道プレイ
0059e384	6	ぶらくmin
0059e484	39	おはよう！もう夕方だよ？あたしがいないとずっと寝てるつもりでしょっ！起きて〜！
0059e73e	15	・あたしと一緒にお店を始めたり
0059e75e	17	・色んな人と出会い一緒に冒険したり
0059e782	25	・アイテムを調合して、億万長者を目指すことだって…
0059e7b8	20	ただ、忘れないで。ここはあたしの夢の中。
0059e7e2	17	あたしにも何が起こるか分からない。
0059e806	20	危険な魔物に襲われることだってあるかも。
0059e832	17	でも大丈夫。あなたの自由な発想で、
0059e856	21	どんな困難も乗り越えられるはずだから——。
0059ea30	4	た〱た1
0059ef1c	5	にくbou
0059f394	4	アシッド
0059f3ac	37	お疲れ様！今日もあなたは最高だったよ！ずーっと側で見てたあたしが保証する！
0059f664	7	きむtiやろu
0059f9e4	5	兄妹プレイ
0059fd0c	4	パヨチン
0059fd54	4	せiえき
0059fd6c	5	shiこる
0059fe2c	4	ふたなり
005a00a4	7	ログアウトしろ
005a13dc	5	授乳プレイ
005a197c	6	移民は出てけ
005a1abc	7	メイプルデルタ
005a1f74	6	コンカフェ裏
005a2384	5	にくboう
005a281c	4	結構です
005a2a04	5	レズプレイ
005a2f6c	13	現在実装中の機能になります
005a2fac	4	セクロス
005a3444	6	siなtiく
005a3714	4	よがり声
005a37c4	15	データをダウンロードしています
005a3c1c	6	ダッチワイフ
005a3fac	4	りんがん
005a450c	12	 が欠けているか空です。
005a47dc	4	こけし棒
005a4e04	7	ちntiくりn
005a501c	17	、0 起点・0 終点のデルタなら 
005a5524	4	燃やすぞ
005a56fc	6	24トークン
005a57dc	4	血が汚い
005a58ac	42	おはよう！ふふんっ。夜のあたしはいつもよりテンション高いよ？ほらっ！起きて起きてー！
005a5adc	8	ちょうせんziん
005a5ff4	6	くりとぅりす
005a6224	8	ちんchiくりん
005a6664	119	[MixDuration] MixDurationPoses.sourceHash が skeleton hash と一致しないため base mix duration を random fallback します (sourceHash=
005a6994	5	せんずri
005a69fc	5	ぱんつまん
005a6a14	7	支払いについて
005a6dcc	4	マリワナ
005a7254	9	ちょusenziん
005a7894	5	せっkuす
005a7a24	36	…終了だよ。ねぇ、何してるの…？…そろそろ寝よ…？一緒に寝てあげるから…
005a7e3c	11	ソフト・オン・デマンド
005a7e64	26	はーい！終了ー！あたしもちょっと息抜きしよっかなー！
005a83c4	20	delta は 1..100 であること
005a8904	21	chara.speakerNames.セリ
005a8c34	7	miなgoろし
005a8d04	5	ぶらくみn
005a9714	4	ぷっすぃ
005aa264	49	現在メンテナンスのため、一部の機能をご利用いただけません。しばらくしてからもう一度お試しください。
005aa73c	5	イラマチオ
005aaa1c	16	キャラクターが選択されていません
005aaa7c	12	 が語彙にありません: 
005aab5c	4	殺ったる
005aad3c	28	様々な特典やイベント情報などを規約に則りお知らせします！
005ab49c	5	しゃseい
005ab714	9	無限のクエスト生成
005abc54	4	ヌードル
005abd14	5	ゼフィーヌ
005ac1e4	30	…ねぇ、あたし今ちょっと暇なんだよね…。構って、ほしいな…？
005ac384	30	ねぇねぇ、そろそろあたしの番じゃない？一緒に何かしようよー！
005acda4	4	ネトウヨ
005ace04	6	niくboう
005aceec	9	きむchiyaろう
005ad1ac	6	たmataま
005ad5c4	4	ウンチク
005ad714	37	…ねぇねぇ。…そればっかりじゃなくってさ…あたしのことも構ってよ…ねぇ…。
005ad95c	22	ウェルカムミッションはまだ開放されていません
005ae524	6	ちnchiん
005ae7fc	6	おむつプレイ
005aed24	8	死んだほうがまし
005aedfc	9	ちんchiくrin
005aeeb4	8	を購入しますか？
005b07d4	5	キャバクラ
005b0ac4	6	フォウレの里
005b0adc	8	miなgoろsi
005b100c	44	…おはよう。もう夕方だけど、まだまだこれから楽しめるよ…ねぇ、あたしと一緒に何かしよ…？
005b14a4	4	ログイン
005b169c	8	buらkumiん
005b181c	4	siっこ
005b191c	33	端末に保存された会話ログを開けなかったため、ログを新しく始めます。
005b1b44	42	お疲れ様ー！あなたが頑張ってるとこ、ずっと見てたよ！…ご褒美、何がほしい…？ふふっ。
005b1e1c	26	ねぇねぇ！そろそろ一息つかない？あたしとお喋りしよ？
005b283c	5	TSFエロ
005b2df4	20	はい！タイマー終了ー！ちょっと休憩する？
005b2f4c	5	リーゼ峡谷
005b313c	29	調合大成功ー！…ってタイマーだった！ふふっ、いい感じだね！
005b347c	4	腰を振る
005b3c4c	11	3日間の無料トライアル
005b3e7c	5	葬ってやる
005b4724	7	アンフェタミン
005b483c	5	ざーmeん
005b4934	24	反映に時間がかかっています。後ほどご確認ください
005b4f64	10	1..3 であること
005b5294	4	ペニバン
005b566c	6	ローター責め
005b5704	4	くそちん
005b57c4	5	ゲイボーイ
005b585c	7	アラームを設定
005b59f4	39	おはよう！起きる時間だよっ！あたしも一緒に、夜更かししちゃおっかなー？ふふっ。
005b652c	40	お疲れ様…。あたしはさ、いつでもあなたの味方なんだからね…？忘れちゃダメだよ…？
005b67bc	9	ちnchiくrin
005b6ebc	7	スキップ/次へ
005b7944	5	コロッセオ
005b7bbc	7	スケベゴブリン
005b8114	11	会話トークン(有償)：
005b81a4	5	プラン選択
005b8664	7	shiこsiこ
005b8684	14	まずは、ライザと２人っきりで
005b86a2	15	ゆっくり話せる「雑談モード」で
005b86c2	8	会話してみよう！
005b900c	8	パープルドリンク
005b976c	23	chara.speakerNames.ルベルト
005ba2e4	7	セム系アラブ人
005ba9a4	7	ちょうせんじn
005bac4c	7	旧跡へと続く門
005bacb4	7	きmuちやろu
005baddc	32	はーい！時間だよー！お疲れ様っ！今日のあなた、すっごくいい感じ！
005bb3d0	14	1/回復薬（グラスビーンズ）
005bb3ee	5	1/フラム
005bb95c	43	お疲れ様〜！ねぇ、無理してない？あなたの身体が一番大事なんだからね？ゆっくり休んでね。
005bbbec	5	ぱいずri
005bbfbc	79	AIキャラクタは不正確または不適切な内容を生成する可能性がございます。キャラクターの言葉が事実かどうかを確認していただいた上で、不用意な拡散はお控えください。
005bc0bc	11	※チュートリアル以降、
005bcbac	27	*10日ごとに15回分の無料利用回数がリセットされます
005bcbf4	5	パイプ吸引
005bd284	29	ねぇねぇ！今、時間ある？さっき変なもの見つけちゃってさ…。
005bd494	24	AimSlotConfig: bone名が空です
005bd5bc	49	RepeatCount はペア共有列のため2本で一致している必要があります（AnimName_1=
005bd6dc	6	カフェ ラテ
005bd824	8	きむchiやろu
005bd904	4	シコ動画
005bd91c	8	chiんちくりん
005bdbf4	7	しnachiく
005bde64	4	イグイグ
005be254	35	購入の反映に時間がかかっています。しばらくしてから残高をご確認ください
00666020	4	懰チ憿ヂ
